AL000,LEIPZIG
AL00H,GROSSPOSNA
AL100,BECKINGEN
AL101,LOSHEIM AM SEE
AL102,MERZIG
AL103,METTLACH
AL104,PERL
AL105,WADERN
AL106,WEISKIRCHEN
AL110,EPPELBORN
AL111,ILLINGEN
AL112,MERCHWEILER
AL113,NEUNKIRCHEN
AL114,OTTWEILER
AL115,SCHIFFWEILER
AL116,SPIESEN-ELVERSBERG
AL120,BOUS
AL121,DILLINGEN/ SAAR
AL122,ENSDORF
AL123,LEBACH
AL124,NALBACH
AL125,REHLINGEN-SIERSBURG
AL126,SAARLOUIS
AL127,SAARWELLINGEN
AL128,SCHMELZ
AL129,SCHWALBACH
AL12A,UBERHERRN
AL12B,WADGASSEN
AL12C,WALLERFANGEN
AL130,BEXBACH
AL131,BLIESKASTEL
AL132,GERSHEIM
AL133,HOMBURG
AL134,KIRKEL
AL135,MANDELBACHTAL
AL136,ST. INGBERT
AL140,FREISEN
AL141,MARPINGEN
AL142,NAMBORN
AL143,NOHFELDEN
AL144,NONNWEILER
AL145,OBERTHAL
AL146,ST. WENDEL
AL147,THOLEY
AL150,FRIEDRICHSTHAL
AL151,GROSSROSSELN
AL152,HEUSWEILER
AL153,KLEINBLITTERSDORF
AL154,PUTTLINGEN
AL155,QUIERSCHIED
AL156,RIEGELSBERG
AL157,SAARBRUCKEN
AL158,SULZBACH/ SAAR
AL159,VOLKLINGEN
AL199,SARRE SAI
AL200,BAD KREUZNACH
AL201,KIRN
AL202,BAD SOBERNHEIM
AL203,BAD MUNSTER AM STEIN-EBERNBURG
AL204,LANGENLONSHEIM
AL205,STROMBERG
AL206,MEISENHEIM
AL207,HARGESHEIM
AL208,GULDENTAL
AL209,BRETZENHEIM
AL20A,ROXHEIM
AL20B,RUDESHEIM
AL20C,WALDBOCKELHEIM
AL20D,HACKENHEIM
AL20E,SIMMERTAL
AL20F,WEINSHEIM
AL20G,WINDESHEIM
AL20H,ODERNHEIM AM GLAN
AL20I,FEILBINGERT
AL20J,MONZINGEN
AL20K,HOCHSTETTEN-DHAUN
AL20L,WALLHAUSEN
AL20M,FURFELD
AL20N,STAUDERNHEIM
AL20O,MERXHEIM
AL20P,RUMMELSHEIM
AL20Q,NORHEIM
AL20R,SEIBERSBACH
AL20S,MEDDERSHEIM
AL20T,HUFFELSHEIM
AL20U,HENNWEILER
AL20V,PFAFFEN-SCHWABENHEIM
AL20W,BOCKENAU
AL20X,SPABRUCKEN
AL20Y,FREI-LAUBERSHEIM
AL20Z,VOLXHEIM
AL210,DAHN
AL211,HAUENSTEIN
AL213,RODALBEN
AL214,THALEISCHWEILER-FROSCHEN
AL215,WALDFISCHBACH-BURGALBEN
AL216,WALLHALBEN
AL217,CONTWIG
AL218,LEMBERG
AL219,MUNCHWEILER AN DER RODALB
AL21A,BECHHOFEN
AL21B,RIESCHWEILER-MUHLBACH
AL21C,HELTERSBERG
AL21D,OBERNHEIM-KIRCHENARNBACH
AL21E,HERMERSBERG
AL21F,BRUCHWEILER-BARENBACH
AL21G,HINTERWEIDENTHAL
AL21H,VINNINGEN
AL21I,HORNBACH
AL21J,FISCHBACH BEI DAHN
AL21K,CLAUSEN
AL21L,EPPENBRUNN
AL21M,DELLFELD
AL21N,RUPPERTSWEILER
AL21O,WESELBERG
AL21P,BUSENBERG
AL21Q,TRULBEN
AL21R,MERZALBEN
AL21S,HOHEINOD
AL21T,ERFWEILER
AL21U,BUNDENTHAL
AL21V,MASSWEILER
AL21W,WILGARTSWIESEN
AL21X,LEIMEN
AL21Y,DONSIEDERS
AL21Z,HOHEISCHWEILER
AL220,BRUCHMUHLBACH-MIESAU
AL221,ENKENBACH-ALSENBORN
AL222,HOCHSPEYER
AL224,LANDSTUHL
AL225,OTTERBACH
AL226,OTTERBERG
AL227,RAMSTEIN-MIESENBACH
AL228,WEILERBACH
AL229,HUTSCHENHAUSEN
AL22A,MEHLINGEN
AL22B,RODENBACH
AL22C,TRIPPSTADT
AL22D,QUEIDERSBACH
AL22E,STEINWENDEN
AL22F,KINDSBACH
AL22G,BANN
AL22H,NIEDERKIRCHEN
AL22I,MACKENBACH
AL22J,MARTINSHOHE
AL22K,KATZWEILER
AL22L,SCHOPP
AL22M,NIEDERMOHR
AL22N,REICHENBACH-STEEGEN
AL22O,KOTTWEILER-SCHWANDEN
AL22P,HAUPTSTUHL
AL22Q,STELZENBERG
AL22R,LINDEN
AL22S,KRICKENBACH
AL22T,MEHLBACH
AL22U,SEMBACH
AL22V,OLSBRUCKEN
AL22W,SCHWEDELBACH
AL22X,FRANKENSTEIN
AL22Y,SCHALLODENBACH
AL22Z,NEUHEMSBACH
AL230,ANNWEILER AM TRIFELS
AL231,BAD BERGZABERN
AL232,EDENKOBEN
AL233,HERXHEIM BEI LANDAU/ PFALZ
AL235,MAIKAMMER
AL236,OFFENBACH AN DER QUEICH
AL237,BILLIGHEIM-INGENHEIM
AL238,HOCHSTADT (PFALZ)
AL239,KLINGENMUNSTER
AL23A,EDESHEIM
AL23B,INSHEIM
AL23C,KIRRWEILER (PFALZ)
AL23D,ESSINGEN
AL23E,ALBERSWEILER
AL23F,STEINFELD
AL23G,SANKT MARTIN
AL23H,ROHRBACH
AL23I,GOSSERSWEILER-STEIN
AL23J,SCHWEIGEN-RECHTENBACH
AL23K,GOMMERSHEIM
AL23L,OBEROTTERBACH
AL23M,BORNHEIM
AL23N,ILBESHEIM BEI LANDAU IN DER PFALZ
AL23O,WERNERSBERG
AL23P,RHODT UNTER RIETBURG
AL23Q,SIEBELDINGEN
AL23R,KAPSWEYER
AL23S,RAMBERG
AL23T,DORRENBACH
AL23U,FREIMERSHEIM
AL23V,VENNINGEN
AL23W,GOCKLINGEN
AL23X,KAPELLEN-DRUSWEILER
AL23Y,EUSSERTHAL
AL23Z,HEUCHELHEIM-KLINGEN
AL240,GERMERSHEIM
AL241,WORTH AM RHEIN
AL242,BELLHEIM
AL243,HAGENBACH
AL244,JOCKGRIM
AL245,KANDEL
AL246,LINGENFELD
AL247,RULZHEIM
AL248,RHEINZABERN
AL249,LUSTADT
AL24A,SCHWEGENHEIM
AL24B,HATZENBUHL
AL24C,LEIMERSHEIM
AL24D,NEUBURG AM RHEIN
AL24E,HORDT
AL24F,ZEISKAM
AL24G,BERG (PFALZ)
AL24H,KUHARDT
AL24I,OTTERSHEIM BEI LANDAU
AL24J,NEUPOTZ
AL24K,STEINWEILER
AL24L,WESTHEIM (PFALZ)
AL24M,FRECKENFELD
AL24N,MINFELD
AL24O,WEINGARTEN (PFALZ)
AL24P,WINDEN
AL24Q,FREISBACH
AL24R,KNITTELSHEIM
AL24S,ERLENBACH BEI KANDEL
AL24T,SCHEIBENHARDT
AL24U,VOLLMERSWEILER
AL250,ALTRIP
AL251,BOBENHEIM-ROXHEIM
AL252,BOHL-IGGELHEIM
AL253,LAMBSHEIM
AL254,LIMBURGERHOF
AL255,MUTTERSTADT
AL256,NEUHOFEN
AL257,ROMERBERG
AL258,SCHIFFERSTADT
AL259,DANNSTADT-SCHAUERNHEIM
AL25A,DUDENHOFEN
AL25B,HESSHEIM
AL25C,MAXDORF
AL25D,WALDSEE
AL25E,OTTERSTADT
AL25F,BIRKENHEIDE
AL25G,HOCHDORF-ASSENHEIM
AL25H,HARTHAUSEN
AL25I,RODERSHEIM-GRONAU
AL25J,BEINDERSHEIM
AL25K,FUSSGONHEIM
AL25L,HANHOFEN
AL25M,GROSSNIEDESHEIM
AL25N,HEUCHELHEIM BEI FRANKENTHAL
AL25O,KLEINNIEDESHEIM
AL260,BAD DURKHEIM
AL261,GRUNSTADT
AL262,HASSLOCH
AL263,DEIDESHEIM
AL264,FREINSHEIM
AL266,HETTENLEIDELHEIM
AL267,LAMBRECHT (PFALZ)
AL268,WACHENHEIM AN DER WEINSTRASSE
AL269,WEISENHEIM AM SAND
AL26A,CARLSBERG
AL26B,MECKENHEIM
AL26C,DIRMSTEIN
AL26D,OBRIGHEIM (PFALZ)
AL26E,ELMSTEIN
AL26F,NIEDERKIRCHEN BEI DEIDESHEIM
AL26G,ELLERSTADT
AL26H,BOCKENHEIM AN DER WEINSTRASSE
AL26I,WEIDENTHAL
AL26J,ALTLEININGEN
AL26K,KIRCHHEIM AN DER WEINSTRASSE
AL26L,GEROLSHEIM
AL26M,WEISENHEIM AM BERG
AL26N,WATTENHEIM
AL26O,ESTHAL
AL26P,FRIEDELSHEIM
AL26Q,GONNHEIM
AL26R,RUPPERTSBERG
AL26S,EBERTSHEIM
AL26T,ERPOLZHEIM
AL26U,LINDENBERG
AL26V,KALLSTADT
AL26W,GROSSKARLBACH
AL26X,KINDENHEIM
AL26Y,NEIDENFELS
AL26Z,KLEINKARLBACH
AL270,ALTENGLAN
AL271,GLAN-MUNCHWEILER
AL272,KUSEL
AL273,LAUTERECKEN
AL274,SCHOENENBERG-KUBELBERG
AL275,WALDMOHR
AL276,WOLFSTEIN
AL277,BRUCKEN (PFALZ)
AL278,BREITENBACH
AL279,RAMMELSBACH
AL27A,ALTENKIRCHEN
AL27B,HERSCHWEILER-PETTERSHEIM
AL27C,OFFENBACH-HUNDHEIM
AL27D,NANZDIETSCHWEILER
AL27E,SANKT JULIAN
AL27F,PFEFFELBACH
AL27G,GRIES
AL27H,DUNZWEILER
AL27I,KREIMBACH-KAULBACH
AL27J,STEINBACH AM GLAN
AL27K,ODENBACH
AL27L,DITTWEILER
AL27M,JETTENBACH
AL27N,OHMBACH
AL27O,BOSENBACH
AL27P,KONKEN
AL27Q,BEDESBACH
AL27R,KROTTELBACH
AL27S,ULMET
AL27T,WAHNWEGEN
AL27U,HASCHBACH AM REMIGIUSBERG
AL27V,ROTHSELBERG
AL27W,THEISBERGSTEGEN
AL27X,MATZENBACH
AL27Y,ETSCHBERG
AL27Z,NUSSBACH
AL280,HERMESKEIL
AL281,KELL AM SEE
AL282,KONZ
AL283,RUWER
AL284,SAARBURG
AL285,SCHWEICH
AL286,TRIERWEILER
AL287,ZEMMER
AL288,NEWEL
AL289,FOHREN
AL28A,WELSCHBILLIG
AL28B,KENN
AL28C,TAWERN
AL28D,FELL
AL28E,REINSFELD
AL28F,OSBURG
AL28G,WASSERLIESCH
AL28H,MEHRING
AL28I,KORDEL
AL28J,WALDRACH
AL28K,IGEL
AL28L,RALINGEN
AL28M,NITTEL
AL28N,GUSTERATH
AL28O,LANGSUR
AL28P,MERTESDORF
AL28Q,ZERF
AL28R,WINCHERINGEN
AL28S,IRSCH
AL28T,FREUDENBURG
AL28U,SERRIG
AL28V,LEIWEN
AL28W,AYL
AL28X,WILTINGEN
AL28Y,SCHILLINGEN
AL28Z,PALZEM
AL299,RHENANIE-PALATINAT SAI
AL2A0,ZWEIBRUCKEN
AL2B0,PIRMASENS
AL2C0,KAISERSLAUTERN
AL2D0,LANDAU IN DER PFALZ
AL2E0,NEUSTADT AN DER WEINSTRASSE
AL2F0,LUDWIGSHAFEN AM RHEIN
AL2G0,SPEYER
AL2H0,FRANKENTHAL (PFALZ)
AL2I0,TRIER
AL2M0,WITTLICH
AL2M1,MORBACH
AL2M2,BERNKASTEL-KUES
AL2M3,TRABEN-TRARBACH
AL2M4,SALMTAL
AL2M5,NEUMAGEN-DHRON
AL2M6,KROV
AL2M7,ZELTINGEN-RACHTIG
AL2M8,LANDSCHEID
AL2M9,HETZERATH
AL2MA,PIESPORT
AL2MB,THALFANG
AL2MC,OSANN-MONZEL
AL2MD,ENKIRCH
AL2ME,ALTRICH
AL2MF,MARING-NOVIAND
AL2MG,MALBORN
AL2MH,DREIS
AL2MI,BAUSENDORF
AL2MJ,KLAUSEN
AL2MK,MANDERSCHEID
AL2ML,MONZELFELD
AL2MM,LIESER
AL2MN,LONGKAMP
AL2MO,BRAUNEBERG
AL2MP,REIL
AL2MQ,TRITTENHEIM
AL2MR,BINSFELD
AL2MS,KINDERBEUERN
AL2MT,GROSSLITTGEN
AL2MU,BENGEL
AL2MV,MULHEIM (MOSEL)
AL2MW,WINTRICH
AL2MX,VELDENZ
AL2MY,URZIG
AL2MZ,PLATTEN
AL2N0,IDAR-OBERSTEIN
AL2N1,BIRKENFELD
AL2N2,BAUMHOLDER
AL2N3,HOPPSTADTEN-WEIERSBACH
AL2N4,RHAUNEN
AL2N5,BRUCKEN
AL2N6,HEIMBACH
AL2N7,KIRSCHWEILER
AL2N8,BUNDENBACH
AL2N9,NIEDERWORRESBACH
AL2NA,STIPSHAUSEN
AL2NB,FISCHBACH
AL2NC,MORSCHEID
AL2ND,HERRSTEIN
AL2NE,RUSCHBERG
AL2NF,KEMPFELD
AL2NG,MITTELREIDENBACH
AL2NH,HETTENRODT
AL2NI,VEITSRODT
AL2NJ,ALLENBACH
AL2NK,REICHENBACH
AL2NL,HOTTENBACH
AL2NM,OBERREIDENBACH
AL2NN,BERSCHWEILER BEI BAUMHOLDER
AL2NO,SIEN
AL2NP,LEISEL
AL2NQ,VOLLMERSBACH
AL2NR,SENSWEILER
AL2NS,BRUCHWEILER
AL2NT,SCHAUREN
AL2NU,SONNENBERG-WINNENBERG
AL2NV,BUHLENBERG
AL2NW,HERBORN
AL2NX,OBERBROMBACH
AL2NY,NIEDERBROMBACH
AL2NZ,ACHTELSBACH
AL2O0,BITBURG
AL2O1,PRUM
AL2O2,SPEICHER
AL2O3,BOLLENDORF
AL2O4,SCHONECKEN
AL2O5,NEUERBURG
AL2O6,IRREL
AL2O7,RITTERSDORF
AL2O8,ORENHOFEN
AL2O9,ARZFELD
AL2OA,BLEIALF
AL2OB,WAXWEILER
AL2OC,METTENDORF
AL2OD,KORPERICH
AL2OE,BADEM
AL2OF,HERFORST
AL2OG,DUDELDORF
AL2OH,WEINSHEIM
AL2OI,KYLLBURG
AL2OJ,BETTINGEN
AL2OK,PRONSFELD
AL2OL,DALEIDEN
AL2OM,NEIDENBACH
AL2ON,FERSCHWEILER
AL2OO,WISSMANNSDORF
AL2OP,WINTERSPELT
AL2OQ,SPANGDAHLEM
AL2OR,WOLSFELD
AL2OS,WALLERSHEIM
AL2OT,PREIST
AL2OU,FLIESSEM
AL2OV,AUW BEI PRUM
AL2OW,MALBERG
AL2OX,BURBACH
AL2OY,ROMMERSHEIM
AL2OZ,BUDESHEIM
AL2P0,EISENBERG (PFALZ)
AL2P1,KIRCHHEIMBOLANDEN
AL2P2,ROCKENHAUSEN
AL2P3,WINNWEILER
AL2P4,GOLLHEIM
AL2P5,BOLANDEN
AL2P6,KERZENHEIM
AL2P7,RAMSEN
AL2P8,ALSENZ
AL2P9,ALBISHEIM (PFRIMM)
AL2PA,MARNHEIM
AL2PB,MUNCHWEILER AN DER ALSENZ
AL2PC,ZELLERTAL
AL2PD,OBERMOSCHEL
AL2PE,SIPPERSFELD
AL2PF,KRIEGSFELD
AL2PG,DREISEN
AL2PH,IMSBACH
AL2PI,LOHNSFELD
AL2PJ,BORRSTADT
AL2PK,DANNENFELS
AL2PL,EINSELTHUM
AL2PM,STEINBACH AM DONNERSBERG
AL2PN,MORSCHHEIM
AL2PO,HORINGEN
AL2PP,BISCHHEIM
AL2PQ,ORBIS
AL2PR,STETTEN
AL2PS,BIEDESHEIM
AL2PT,LAUTERSHEIM
AL2PU,GAUERSHEIM
AL2PV,IMSWEILER
AL2PW,GERBACH
AL2PX,WARTENBERG-ROHRBACH
AL2PY,GUNDERSWEILER
AL2PZ,MUNSTERAPPEL
AL30C,ILLINGEN
AL30I,NEUNKIRCHEN
AL30K,SASBACH AM KAISERSTUHL
AL312,AALEN
AL313,ABSTATT
AL314,ABTSGMUND
AL315,ACHBERG
AL316,ACHERN
AL317,ACHSTETTEN
AL318,ADELBERG
AL319,ADELMANNSFELDEN
AL31A,ADELSHEIM
AL31B,AFFALTERBACH
AL31C,AGLASTERHAUSEN
AL31D,AHORN
AL31E,AICHELBERG
AL31F,AICHHALDEN
AL31G,AICHSTETTEN
AL31H,AICHTAL
AL31I,AICHWALD
AL31J,AIDLINGEN
AL31K,AITERN
AL31L,AITRACH
AL31M,ALBBRUCK
AL31N,ALBERSHAUSEN
AL31O,ALBSTADT
AL31P,ALDINGEN
AL31Q,ALFDORF
AL31R,ALLENSBACH
AL31S,ALLESHAUSEN
AL31T,ALLMANNSWEILER
AL31U,ALLMENDINGEN
AL31V,ALLMERSBACH IM TAL
AL31W,ALPIRSBACH
AL31X,ALTBACH
AL321,ALTENRIET
AL322,ALTENSTEIG
AL325,ALTHEIM (ALB)
AL326,ALTHENGSTETT
AL327,ALTHUTTE
AL328,ALTLUSSHEIM
AL329,ALTSHAUSEN
AL32A,AMMERBUCH
AL32B,AMSTETTEN
AL32C,AMTZELL
AL32D,ANGELBACHTAL
AL32E,APPENWEIER
AL32F,ARGENBUHL
AL32G,ASPACH
AL32H,ASPERG
AL32I,ASSAMSTADT
AL32J,ASSELFINGEN
AL32K,ATTENWEILER
AL32L,AU
AL32M,AU AM RHEIN
AL32N,AUENWALD
AL32O,AUGGEN
AL32P,AULENDORF
AL32Q,BACKNANG
AL32R,BAD BELLINGEN
AL32S,BAD BUCHAU
AL32T,BAD DITZENBACH
AL32U,BAD DURRHEIM
AL32V,BAD FRIEDRICHSHALL
AL32W,BAD HERRENALB
AL32X,BAD KROZINGEN
AL32Y,BAD LIEBENZELL
AL32Z,BAD MERGENTHEIM
AL331,BAD PETERSTAL-GRIESBACH
AL332,BAD RAPPENAU
AL333,BAD RIPPOLDSAU-SCHAPBACH
AL334,BAD SACKINGEN
AL335,BAD SCHONBORN
AL336,BAD SCHUSSENRIED
AL337,BAD TEINACH-ZAVELSTEIN
AL338,BAD URACH
AL339,BAD WALDSEE
AL33A,BAD WILDBAD
AL33B,BAD WIMPFEN
AL33C,BAD WURZACH
AL33D,BAD UBERKINGEN
AL33E,BADEN-BADEN
AL33F,BADENWEILER
AL33G,BARENTHAL
AL33H,BAHLINGEN AM KAISERSTUHL
AL33I,BAIENFURT
AL33J,BAIERSBRONN
AL33K,BAINDT
AL33L,BALGHEIM
AL33M,BALINGEN
AL33N,BALLENDORF
AL33O,BALLRECHTEN-DOTTINGEN
AL33P,BALTMANNSWEILER
AL33Q,BALZHEIM
AL33R,BAMMENTAL
AL33S,BARTHOLOMA
AL33T,BEILSTEIN
AL33U,BEIMERSTETTEN
AL33V,BEMPFLINGEN
AL33W,BENNINGEN AM NECKAR
AL33X,BERG
AL33Y,BERGATREUTE
AL33Z,BERGHAUPTEN
AL341,BERGHULEN
AL342,BERGLEN
AL343,BERKHEIM
AL344,BERMATINGEN
AL345,BERNAU IM SCHWARZWALD
AL346,BERNSTADT
AL347,BESIGHEIM
AL348,BETZENWEILER
AL349,BETZWEILER-WALD
AL34B,BEURON
AL34C,BIBERACH
AL34D,BIBERACH AN DER RISS
AL34E,BIEDERBACH
AL34F,BIETIGHEIM
AL34G,BIETIGHEIM-BISSINGEN
AL34H,BILLIGHEIM
AL34I,BINAU
AL34J,BINGEN
AL34K,BINZEN
AL34L,BIRENBACH
AL34M,BIRKENFELD
AL34N,BISCHWEIER
AL34O,BISINGEN
AL34P,BISSINGEN AN DER TECK
AL34Q,BITZ
AL34R,BLAUBEUREN
AL34S,BLAUFELDEN
AL34T,BLAUSTEIN
AL34U,BLUMBERG
AL34V,BODELSHAUSEN
AL34W,BODMAN-LUDWIGSHAFEN
AL34X,BODNEGG
AL34Y,BOBINGEN AN DER REMS
AL34Z,BOBLINGEN
AL351,BOHMENKIRCH
AL352,BOLLEN
AL353,BONNIGHEIM
AL354,BORSLINGEN
AL355,BORTLINGEN
AL356,BOSINGEN
AL357,BOTTINGEN
AL358,BOTZINGEN
AL359,BOLL
AL35A,BOLLSCHWEIL
AL35B,BOMS
AL35C,BONDORF
AL35D,BONNDORF IM SCHWARZWALD
AL35E,BOPFINGEN
AL35F,BOXBERG
AL35G,BRACKENHEIM
AL35H,BRAUNLINGEN
AL35I,BRAUNSBACH
AL35J,BREISACH AM RHEIN
AL35K,BREITINGEN
AL35L,BREITNAU
AL35M,BRETTEN
AL35N,BRETZFELD
AL35O,BRIGACHTAL
AL35P,BRUCHSAL
AL35Q,BRUHL
AL35R,BUBSHEIM
AL35S,BUCHEN (ODENWALD)
AL35T,BUCHENBACH
AL35U,BUCHHEIM
AL35V,BUHL
AL35W,BUHLERTAL
AL35X,BUHLERTANN
AL35Y,BUHLERZELL
AL35Z,BUERCHAU
AL361,BUSINGEN AM HOCHRHEIN
AL362,BUGGINGEN
AL363,BURGRIEDEN
AL364,BURGSTETTEN
AL365,BURLADINGEN
AL366,CALW
AL367,CLEEBRONN
AL368,CRAILSHEIM
AL369,CREGLINGEN
AL36A,DACHSBERG (SUEDSCHWARZWALD)
AL36B,DAISENDORF
AL36C,DAUCHINGEN
AL36D,DAUTMERGEN
AL36E,DECKENPFRONN
AL36F,DEGGENHAUSERTAL
AL36G,DEGGINGEN
AL36H,DEILINGEN
AL36I,DEISSLINGEN
AL36J,DEIZISAU
AL36K,DENKENDORF
AL36L,DENKINGEN
AL36M,DENZLINGEN
AL36N,DETTENHAUSEN
AL36O,DETTENHEIM
AL36P,DETTIGHOFEN
AL36Q,DETTINGEN AN DER ERMS
AL36R,DETTINGEN AN DER ILLER
AL36S,DETTINGEN UNTER TECK
AL36T,DIELHEIM
AL36U,DIETENHEIM
AL36V,DIETINGEN
AL36W,DISCHINGEN
AL36X,DITZINGEN
AL36Y,DOBEL
AL36Z,DORZBACH
AL371,DOGERN
AL372,DONAUESCHINGEN
AL373,DONZDORF
AL374,DORMETTINGEN
AL375,DORNHAN
AL376,DORNSTADT
AL377,DORNSTETTEN
AL378,DOSSENHEIM
AL379,DOTTERNHAUSEN
AL37A,DRACKENSTEIN
AL37B,DURBHEIM
AL37C,DURMENTINGEN
AL37D,DURNAU
AL37F,DUNNINGEN
AL37G,DURBACH
AL37H,DURCHHAUSEN
AL37I,DURLANGEN
AL37J,DURMERSHEIM
AL37K,DUSSLINGEN
AL37L,EBENWEILER
AL37M,EBERBACH
AL37N,EBERDINGEN
AL37O,EBERHARDZELL
AL37P,EBERSBACH AN DER FILS
AL37Q,EBERSBACH-MUSBACH
AL37R,EBERSTADT
AL37S,EBHAUSEN
AL37T,EBRINGEN
AL37U,EDINGEN-NECKARHAUSEN
AL37V,EFRINGEN-KIRCHEN
AL37W,EGENHAUSEN
AL37X,EGESHEIM
AL37Y,EGGENSTEIN-LEOPOLDSHAFEN
AL37Z,EGGINGEN
AL381,EHINGEN (DONAU)
AL382,EHNINGEN
AL383,EHRENKIRCHEN
AL384,EICHSTEGEN
AL385,EICHSTETTEN AM KAISERSTUHL
AL386,EIGELTINGEN
AL387,EIMELDINGEN
AL388,EISENBACH (HOCHSCHWARZWALD)
AL389,EISINGEN
AL38A,EISLINGEN/FILS
AL38B,ELBENSCHWAND
AL38C,ELCHESHEIM-ILLINGEN
AL38D,ELLENBERG
AL38E,ELLHOFEN
AL38F,ELLWANGEN (JAGST)
AL38G,ELZACH
AL38H,ELZTAL
AL38I,EMERINGEN
AL38J,EMERKINGEN
AL38K,EMMENDINGEN
AL38L,EMMINGEN-LIPTINGEN
AL38M,EMPFINGEN
AL38N,ENDINGEN AM KAISERSTUHL
AL38O,ENGELSBRAND
AL38P,ENGEN
AL38Q,ENGSTINGEN
AL38R,ENINGEN UNTER ACHALM
AL38S,ENZKLOSTERLE
AL38T,EPFENBACH
AL38U,EPFENDORF
AL38V,EPPELHEIM
AL38W,EPPINGEN
AL38X,ERBACH
AL38Y,ERDMANNHAUSEN
AL38Z,ERISKIRCH
AL391,ERKENBRECHTSWEILER
AL392,ERLENBACH
AL393,ERLENMOOS
AL394,ERLIGHEIM
AL395,EROLZHEIM
AL396,ERTINGEN
AL397,ESCHACH
AL398,ESCHBACH
AL399,ESCHBRONN
AL39A,ESCHELBRONN
AL39B,ESCHENBACH
AL39D,ESSLINGEN AM NECKAR
AL39E,ETTENHEIM
AL39F,ETTLINGEN
AL39G,EUTINGEN IM GAU
AL39H,FAHRENBACH
AL39I,FELDBERG (SCHWARZWALD)
AL39J,FELLBACH
AL39K,FICHTENAU
AL39L,FICHTENBERG
AL39M,FILDERSTADT
AL39N,FISCHERBACH
AL39O,FISCHINGEN
AL39P,FLEIN
AL39Q,FLEISCHWANGEN
AL39R,FLUORN-WINZELN
AL39S,FORBACH
AL39T,FORCHHEIM
AL39U,FORCHTENBERG
AL39V,FORST
AL39W,FRANKENHARDT
AL39X,FREIAMT
AL39Y,FREIBERG AM NECKAR
AL39Z,FREIBURG IM BREISGAU
AL3A1,FREUDENBERG
AL3A2,FREUDENSTADT
AL3A3,FREUDENTAL
AL3A4,FRICKENHAUSEN
AL3A5,FRICKINGEN
AL3A6,FRIDINGEN AN DER DONAU
AL3A7,FRIEDENWEILER
AL3A8,FRIEDRICHSHAFEN
AL3A9,FRIESENHEIM
AL3AA,FRIOLZHEIM
AL3AB,FRITTLINGEN
AL3AC,FROHND
AL3AD,FRONREUTE
AL3AE,FURTWANGEN IM SCHWARZWALD
AL3AF,GARTRINGEN
AL3AG,GEUFELDEN
AL3AH,GAGGENAU
AL3AI,GAIBERG
AL3AJ,GAIENHOFEN
AL3AK,GAILDORF
AL3AL,GAILINGEN
AL3AM,GAMMELSHAUSEN
AL3AN,GAMMERTINGEN
AL3AO,GECHINGEN
AL3AP,GEISINGEN
AL3AQ,GEISLINGEN
AL3AR,GEISLINGEN AN DER STEIGE
AL3AS,GEMMINGEN
AL3AT,GEMMRIGHEIM
AL3AU,GENGENBACH
AL3AV,GERABRONN
AL3AW,GERLINGEN
AL3AX,GERNSBACH
AL3AY,GERSTETTEN
AL3AZ,GIENGEN AN DER BRENZ
AL3B1,GINGEN AN DER FILS
AL3B2,GLATTEN
AL3B3,GLOTTERTAL
AL3B4,GOGGINGEN
AL3B5,GOPPINGEN
AL3B6,GORWIHL
AL3B7,GOMADINGEN
AL3B8,GOMARINGEN
AL3B9,GONDELSHEIM
AL3BA,GOSHEIM
AL3BB,GOTTENHEIM
AL3BC,GOTTMADINGEN
AL3BD,GRABENNEUDORF
AL3BE,GRABENSTETTEN
AL3BF,GRAFENAU
AL3BG,GRAFENBERG
AL3BH,GRAFENHAUSEN
AL3BI,GRENZACH-WYHLEN
AL3BJ,GRIESINGEN
AL3BK,GROMBACH
AL3BL,GROSSBETTLINGEN
AL3BM,GROSSBOTTWAR
AL3BN,GROSSELFINGEN
AL3BO,GROSSERLACH
AL3BP,GROSSRINDERFELD
AL3BQ,GRUNKRAUT
AL3BR,GRUNSFELD
AL3BS,GRUIBINGEN
AL3BT,GRUNDSHEIM
AL3BU,GSCHWEND
AL3BV,GUGLINGEN
AL3BW,GUTENBACH
AL3BX,GUGGENHAUSEN
AL3BY,GUNDELFINGEN
AL3BZ,GUNDELSHEIM
AL3C1,GUNNINGEN
AL3C2,GUTACH IM BREISGAU
AL3C3,GUTACH (SCHWARZWALDBAHN)
AL3C4,GUTENZELL-HURBEL
AL3C5,GUTSBEZIRK MUENSINGE
AL3C6,HAG-EHRSBERG
AL3C7,HAUSERN
AL3C8,HAGNAU AM BODENSEE
AL3C9,HAIGERLOCH
AL3CA,HAITERBACH
AL3CB,HAMBRUCKEN
AL3CC,HARDHEIM
AL3CD,HARDT
AL3CE,HARDTHAUSEN AM KOCHER
AL3CF,HARTHEIM
AL3CG,HASEL
AL3CH,HASLACH IM KINZIGTAL
AL3CI,HASSMERSHEIM
AL3CJ,HATTENHOFEN
AL3CK,HAUSACH
AL3CL,HAUSEN AM BUSSEN
AL3CM,HAUSEN AM TANN
AL3CN,HAUSEN IM WIESENTAL
AL3CO,HAUSEN OB VERENA
AL3CP,HAYINGEN
AL3CQ,HECHINGEN
AL3CR,HEDDESBACH
AL3CS,HEDDESHEIM
AL3CT,HEIDELBERG
AL3CU,HEIDENHEIM AN DER BRENZ
AL3CV,HEILBRONN
AL3CW,HEILIGENBERG
AL3CX,HEILIGKREUZSTEINACH
AL3CY,HEIMSHEIM
AL3CZ,HEININGEN
AL3D1,HEITERSHEIM
AL3D2,HELMSTADT-BARGEN
AL3D3,HEMMINGEN
AL3D4,HEMSBACH
AL3D5,HERBERTINGEN
AL3D6,HERBOLZHEIM
AL3D7,HERBRECHTINGEN
AL3D8,HERDWANGEN-SCHONACH
AL3D9,HERMARINGEN
AL3DA,HEROLDSTATT
AL3DB,HERRENBERG
AL3DC,HERRISCHRIED
AL3DD,HESSIGHEIM
AL3DE,HETTINGEN
AL3DF,HEUBACH
AL3DG,HEUCHLINGEN
AL3DH,HEUWEILER
AL3DI,HILDRIZHAUSEN
AL3DJ,HILZINGEN
AL3DK,HINTERZARTEN
AL3DL,HIRRLINGEN
AL3DM,HIRSCHBERG AN DER BERGSTRASSE
AL3DN,HOCHDORF
AL3DP,HOCKENHEIM
AL3DQ,HOCHENSCHWAND
AL3DR,HOFEN AN DER ENZ
AL3DS,HOPFINGEN
AL3DT,HOFSTETTEN
AL3DU,HOHBERG
AL3DV,HOHENFELS
AL3DW,HOHENSTADT
AL3DX,HOHENSTEIN
AL3DY,HOHENTENGEN
AL3DZ,HOHENTENGEN AM HOCHRHEIN
AL3E1,HOLZGERLINGEN
AL3E2,HOLZKIRCH
AL3E3,HOLZMADEN
AL3E4,HORB AM NECKAR
AL3E5,HORBEN
AL3E6,HORGENZELL
AL3E7,HORNBERG
AL3E8,HOSSKIRCH
AL3E9,HUFFENHARDT
AL3EA,HUFINGEN
AL3EB,HUGELSHEIM
AL3EC,HULBEN
AL3ED,HUTTISHEIM
AL3EE,HUTTLINGEN
AL3EF,IBACH
AL3EG,IFFEZHEIM
AL3EH,IGERSHEIM
AL3EI,IGGINGEN
AL3EJ,IHRINGEN
AL3EK,ILLERKIRCHBERG
AL3EL,ILLERRIEDEN
AL3EN,ILLMENSEE
AL3EO,ILSFELD
AL3EP,ILSHOFEN
AL3EQ,ILVESHEIM
AL3ER,IMMENDINGEN
AL3ES,IMMENSTAAD AM BODENSEE
AL3ET,INGELFINGEN
AL3EU,INGERSHEIM
AL3EV,INGOLDINGEN
AL3EW,INZIGKOFEN
AL3EX,INZLINGEN
AL3EY,IRNDORF
AL3EZ,ISNY IM ALLGAU
AL3F1,ISPRINGEN
AL3F2,ITTLINGEN
AL3F3,JAGSTHAUSEN
AL3F4,JAGSTZELL
AL3F5,JESTETTEN
AL3F6,JETTINGEN
AL3F7,JUNGINGEN
AL3F8,KAMPFELBACH
AL3F9,KAISERSBACH
AL3FA,KANDERN
AL3FB,KANZACH
AL3FC,KAPPEL-GRAFENHAUSEN
AL3FD,KAPPELRODECK
AL3FE,KARLSBAD
AL3FF,KARLSDORF-NEUTHARD
AL3FG,KARLSRUHE
AL3FH,KEHL
AL3FI,KELTERN
AL3FJ,KENZINGEN
AL3FK,KERNEN IM REMSTAL
AL3FL,KETSCH
AL3FM,KIESELBRONN
AL3FN,KIPPENHEIM
AL3FO,KIRCHARDT
AL3FP,KIRCHBERG AN DER ILLER
AL3FQ,KIRCHBERG AN DER JAGST
AL3FR,KIRCHBERG AN DER MURR
AL3FS,KIRCHDORF AN DER ILLER
AL3FT,KIRCHENTELLINSFURT
AL3FU,KIRCHHEIM AM NECKAR
AL3FV,KIRCHHEIM AM RIES
AL3FW,KIRCHHEIM UNTER TECK
AL3FX,KIRCHZARTEN
AL3FY,KISSLEGG
AL3FZ,KLETTGAU
AL3G1,KNITTLINGEN
AL3G2,KONGEN
AL3G3,KONIGHEIM
AL3G4,KONIGSBACH-STEIN
AL3G5,KONIGSBRONN
AL3G6,KONIGSEGGWALD
AL3G7,KONIGSFELD IM SCHWARZLAND
AL3G8,KONIGSHEIM
AL3G9,KOHLBERG
AL3GA,KOLBINGEN
AL3GB,KONSTANZ
AL3GC,KORB
AL3GD,KORNTAL-MUNCHINGEN
AL3GE,KORNWESTHEIM
AL3GF,KRAICHTAL
AL3GG,KRAUCHENWIES
AL3GH,KRAUTHEIM
AL3GI,KRESSBERG
AL3GJ,KRESSBRONN AM BODENSEE
AL3GK,KRONAU
AL3GL,KUCHEN
AL3GM,KULSHEIM
AL3GN,KUNZELSAU
AL3GO,KURNBACH
AL3GP,KUSSABERG
AL3GQ,KUPFERZELL
AL3GR,KUPPENHEIM
AL3GS,KUSTERDINGEN
AL3GT,LADENBURG
AL3GU,LAHR/SCHWARZWALD
AL3GV,LAICHINGEN
AL3GW,LANGENARGEN
AL3GX,LANGENAU
AL3GY,LANGENBRETTACH
AL3GZ,LANGENBURG
AL3H1,LANGENENSLINGEN
AL3H2,LAUCHHEIM
AL3H3,LAUCHRINGEN
AL3H4,LAUDA-KOENIGSHOFEN
AL3H5,LAUDENBACH
AL3H6,LAUF
AL3H7,LAUFENBURG (BADEN)
AL3H8,LAUFFEN AM NECKAR
AL3H9,LAUPHEIM
AL3HA,LAUTENBACH
AL3HB,LAUTERACH
AL3HD,LAUTERSTEIN
AL3HE,LEHRENSTEINSFELD
AL3HF,LEIBERTINGEN
AL3HG,LEIMEN
AL3HH,LEINFELDEN-ECHTERDINGEN
AL3HI,LEINGARTEN
AL3HJ,LEINZELL
AL3HK,LENNINGEN
AL3HL,LENZKIRCH
AL3HM,LEONBERG
AL3HN,LEUTENBACH
AL3HO,LEUTKIRCH IM ALLGAU
AL3HP,LICHTENAU
AL3HQ,LICHTENSTEIN
AL3HR,LICHTENWALD
AL3HT,LINKENHEIM-HOCHSTETTEN
AL3HU,LOBBACH
AL3HV,LOCHGAU
AL3HW,LOFFINGEN
AL3HX,LORRACH
AL3HY,LOWENSTEIN
AL3HZ,LOFFENAU
AL3I1,LONSEE
AL3I2,LORCH
AL3I3,LOSSBURG
AL3I4,LOTTSTETTEN
AL3I5,LUDWIGSBURG
AL3I6,MAGSTADT
AL3I7,MAHLBERG
AL3I8,MAHLSTETTEN
AL3I9,MAINHARDT
AL3IA,MALSBURG-MARZELL
AL3IB,MALSCH
AL3ID,MALTERDINGEN
AL3IE,MANNHEIM
AL3IF,MARBACH AM NECKAR
AL3IG,MARCH
AL3IH,MARKDORF
AL3II,MARKGRONINGEN
AL3IJ,MARXZELL
AL3IK,MASELHEIM
AL3IL,MASSENBACHHAUSEN
AL3IM,MAUER
AL3IN,MAULBRONN
AL3IO,MAULBURG
AL3IP,MECKENBEUREN
AL3IQ,MECKESHEIM
AL3IR,MEERSBURG
AL3IS,MEHRSTETTEN
AL3IT,MEISSENHEIM
AL3IU,MENGEN
AL3IV,MERDINGEN
AL3IW,MERKLINGEN
AL3IX,MERZHAUSEN
AL3IY,MESSKIRCH
AL3IZ,MESSSTETTEN
AL3J1,METZINGEN
AL3J2,MICHELBACH AN DER BILZ
AL3J3,MICHELFELD
AL3J4,MIETINGEN
AL3J5,MITTELBIBERACH
AL3J6,MOCKMUHL
AL3J7,MOGGLINGEN
AL3J8,MOGLINGEN
AL3J9,MONCHWEILER
AL3JA,MONSHEIM
AL3JB,MOSSINGEN
AL3JC,MOTZINGEN
AL3JD,MOOS
AL3JE,MOOSBURG
AL3JF,MOSBACH
AL3JG,MUDAU
AL3JH,MUHLACKER
AL3JI,MUHLENBACH
AL3JJ,MUHLHAUSEN
AL3JK,MUHLHAUSEN IM TALE
AL3JL,MUFILHAUSEN-EHINGEN
AL3JM,MUEHLHEIM AN DER DON
AL3JN,MUHLINGEN
AL3JO,MULLHEIM
AL3JP,MUNSINGEN
AL3JQ,MUNSTERTAL/SCHWARZWALD
AL3JR,MUGGENSTURM
AL3JS,MULFINGEN
AL3JT,MUNDELSHEIM
AL3JU,MUNDERKINGEN
AL3JV,MURG
AL3JW,MURR
AL3JX,MURRHARDT
AL3JY,MUTLANGEN
AL3JZ,NAGOLD
AL3K1,NATTHEIM
AL3K2,NECKARBISCHOFSHEIM
AL3K3,NECKARGEMUND
AL3K4,NECKARGERACH
AL3K5,NECKARSULM
AL3K6,NECKARTAILFINGEN
AL3K7,NECKARTENZLINGEN
AL3K8,NECKARWESTHEIM
AL3K9,NECKARZIMMERN
AL3KA,NEENSTETTEN
AL3KB,NEHREN
AL3KC,NEIDENSTEIN
AL3KD,NEIDLINGEN
AL3KE,NELLINGEN
AL3KF,NERENSTETTEN
AL3KG,NERESHEIM
AL3KH,NEUBULACH
AL3KI,NEUDENAU
AL3KJ,NEUENBURG
AL3KK,NEUENBURG AM RHEIN
AL3KL,NEUENSTADT AM KOCHER
AL3KM,NEUENSTEIN
AL3KN,NEUENWEG
AL3KO,NEUFFEN
AL3KP,NEUFRA
AL3KQ,NEUHAUSEN
AL3KR,NEUHAUSEN AUF DEN FILDERN
AL3KS,NEUHAUSEN OB ECK
AL3KT,NEUKIRCH
AL3KU,NEULER
AL3KV,NEULINGEN
AL3KW,NEULUSSHEIM
AL3KY,NEURIED
AL3KZ,NEUSTETTEN
AL3L1,NEUWEILER
AL3L2,NIEDERESCHACH
AL3L3,NIEDERNHALL
AL3L4,NIEDERSTETTEN
AL3L5,NIEDERSTOTZINGEN
AL3L6,NIEFERN-OSCHELBRONN
AL3L7,NORDHEIM
AL3L8,NORDRACH
AL3L9,NOTZINGEN
AL3LA,NURTINGEN
AL3LB,NUFRINGEN
AL3LC,NUSPLINGEN
AL3LD,NUSSLOCH
AL3LE,OBERBOIHINGEN
AL3LF,OBERDERDINGEN
AL3LG,OBERDISCHINGEN
AL3LH,OBERGRONINGEN
AL3LI,OBERHARMERSBACH
AL3LJ,OBERHAUSEN-RHEINHAUSEN
AL3LK,OBERKIRCH
AL3LL,OBERKOCHEN
AL3LM,OBERMARCHTAL
AL3LN,OBERNDORF AM NECKAR
AL3LO,OBERNHEIM
AL3LP,OBERREICHENBACH
AL3LQ,OBERRIED
AL3LR,OBERRIEXINGEN
AL3LS,OBERROT
AL3LT,OBERSONTHEIM
AL3LU,OBERSTADION
AL3LV,OBERSTENFELD
AL3LW,OBERSULM
AL3LX,OBERTEURINGEN
AL3LY,OBERWOLFACH
AL3LZ,OBRIGHEIM
AL3M1,OCHSENHAUSEN
AL3M2,OEDHEIM
AL3M3,OHNINGEN
AL3M4,OHRINGEN
AL3M5,OLBRONN-DURRN
AL3M6,OLLINGEN
AL3M7,OPFINGEN
AL3M8,OSTRINGEN
AL3M9,OTIGHEIM
AL3MA,OTISHEIM
AL3MB,OFFENAU
AL3MC,OFFENBURG
AL3MD,OFTERDINGEN
AL3ME,OFTERSHEIM
AL3MF,OGGELSHAUSEN
AL3MG,OHLSBACH
AL3MH,OHMDEN
AL3MI,OPPENAU
AL3MJ,OPPENWEILER
AL3MK,ORSINGEN-NENZINGEN
AL3ML,ORTENBERG
AL3MM,OSTELSHEIM
AL3MN,OSTERBURKEN
AL3MO,OSTFILDERN
AL3MP,OSTRACH
AL3MQ,OTTENBACH
AL3MR,OTTENHOFEN IM SCHWARZWALD
AL3MS,OTTERSWEIER
AL3MT,OWEN
AL3MU,OWINGEN
AL3MV,PFAFFENHOFEN
AL3MW,PFAFFENWEILER
AL3MX,PFALZGRAFENWEILER
AL3MY,PFEDELBACH
AL3MZ,PFINZTAL
AL3N1,PFORZHEIM
AL3N2,PFRONSTETTEN
AL3N3,PFULLENDORF
AL3N4,PFULLINGEN
AL3N5,PHILIPPSBURG
AL3N6,PLANKSTADT
AL3N7,PLEIDELSHEIM
AL3N8,PLIEZHAUSEN
AL3N9,PLOCHINGEN
AL3NA,PLUDERHAUSEN
AL3NB,RADOLFZELL AM BODENSEE
AL3NC,RAICH
AL3ND,RAINAU
AL3NE,RAMMINGEN
AL3NF,RANGENDINGEN
AL3NG,RASTATT
AL3NH,RATSHAUSEN
AL3NI,RAUENBERG
AL3NJ,RAVENSBURG
AL3NK,RAVENSTEIN
AL3NL,RECHBERGHAUSEN
AL3NM,RECHTENSTEIN
AL3NN,REICHARTSHAUSEN
AL3NO,REICHENAU
AL3NP,REICHENBACH AM HEUBERG
AL3NQ,REICHENBACH AN DER FILS
AL3NR,REILINGEN
AL3NS,REMCHINGEN
AL3NT,REMSECK AM NECKAR
AL3NU,REMSHALDEN
AL3NV,RENCHEN
AL3NW,RENNINGEN
AL3NX,RENQUISHAUSEN
AL3NY,REUTE
AL3NZ,REUTLINGEN
AL3O1,RHEINAU
AL3O2,RHEINFELDEN (BADEN)
AL3O3,RHEINHAUSEN
AL3O4,RHEINMUNSTER
AL3O5,RHEINSTETTEN
AL3O6,RICKENBACH
AL3O7,RIEDERICH
AL3O8,RIEDHAUSEN
AL3O9,RIEDLINGEN
AL3OA,RIEGEL AM KAISERSTUHL
AL3OB,RIELASINGEN-WORBLINGEN
AL3OC,RIESBURG
AL3OD,RIETHEIM-WEILHEIM
AL3OE,RINGSHEIM
AL3OF,ROMERSTEIN
AL3OG,ROHRDORF
AL3OH,ROIGHEIM
AL3OI,ROSENBERG
AL3OK,ROSENFELD
AL3OL,ROSENGARTEN
AL3OM,ROT AM SEE
AL3ON,ROT AN DER ROT
AL3OO,ROTTENACKER
AL3OP,ROTTENBURG AM NECKAR
AL3OQ,ROTTWEIL
AL3OR,RUDERSBERG
AL3OS,RUMMINGEN
AL3OT,RUPPERTSHOFEN
AL3OU,RUST
AL3OV,RUTESHEIM
AL3OW,SACHSENHEIM
AL3OX,SALACH
AL3OY,SALEM
AL3OZ,SALLNECK
AL3P1,SANDHAUSEN
AL3P3,SASBACH
AL3P4,SASBACHWALDEN
AL3P5,SATTELDORF
AL3P6,SAULDORF
AL3P7,SAULGAU
AL3P8,SCHALLBACH
AL3P9,SCHALLSTADT
AL3PA,SCHECHINGEN
AL3PB,SCHEER
AL3PC,SCHEFFLENZ
AL3PD,SCHELKLINGEN
AL3PE,SCHEMMERHOFEN
AL3PF,SCHENKENZELL
AL3PG,SCHILTACH
AL3PH,SCHLAITDORF
AL3PI,SCHLAT
AL3PJ,SCHLIENGEN
AL3PK,SCHLIER
AL3PL,SCHLIERBACH
AL3PM,SCHLUCHSEE
AL3PN,SCHNURPFLINGEN
AL3PO,SCHOMBERG
AL3PQ,SCHONAICH
AL3PR,SCHONAU
AL3PS,SCHONAU IM SCHWARZWALD
AL3PT,SCHONBRUNN
AL3PU,SCHONENBERG
AL3PV,SCHONTAL
AL3PW,SCHONWALD IM SCHWARZWALD
AL3PX,SCHONACH IM SCHWARZWALD
AL3PY,SCHOPFHEIM
AL3PZ,SCHOPFLOCH
AL3Q1,SCHORNDORF
AL3Q2,SCHRAMBERG
AL3Q3,SCHRIESHEIM
AL3Q4,SCHROZBERG
AL3Q5,SCHUTTERTAL
AL3Q6,SCHUTTERWALD
AL3Q7,SCHWABISCH GMUND
AL3Q8,SCHWABISCH HALL
AL3Q9,SCHWAIGERN
AL3QA,SCHWAIKHEIM
AL3QB,SCHWANAU
AL3QC,SCHWARZACH
AL3QD,SCHWENDI
AL3QE,SCHWENNINGEN
AL3QF,SCHWETZINGEN
AL3QG,SCHWIEBERDINGEN
AL3QH,SCHWORSTADT
AL3QI,SECKACH
AL3QJ,SEEBACH
AL3QK,SEEKIRCH
AL3QL,SEELBACH
AL3QM,SEEWALD
AL3QN,SEITINGEN-OBERFLACHT
AL3QO,SERSHEIM
AL3QP,SETZINGEN
AL3QQ,SEXAU
AL3QR,SIEGELSBACH
AL3QS,SIGMARINGEN
AL3QT,SIGMARINGENDORF
AL3QU,SIMMERSFELD
AL3QV,SIMMOZHEIM
AL3QW,SIMONSWALD
AL3QX,SINDELFINGEN
AL3QY,SINGEN (HOHENTWIEL)
AL3QZ,SINSHEIM
AL3R1,SINZHEIM
AL3R2,SIPPLINGEN
AL3R3,SOLDEN
AL3R4,SONNENBUHL
AL3R5,SONTHEIM AN DER BRENZ
AL3R6,SPAICHINGEN
AL3R7,SPECHBACH
AL3R8,SPIEGELBERG
AL3R9,SPRAITBACH
AL3RA,ST. BLASIEN
AL3RB,ST. GEORGEN IM SCHWARZWALD
AL3RC,ST. JOHANN
AL3RD,ST. LEON-ROT
AL3RE,ST. MARGEN
AL3RF,ST. PETER
AL3RG,STAIG
AL3RH,STARZACH
AL3RI,STAUFEN IM BREISGAU
AL3RJ,STEGEN
AL3RK,STEINACH
AL3RL,STEINEN
AL3RM,STEINENBRONN
AL3RN,STEINHAUSEN AN DER ROTTUM
AL3RO,STEINHEIM AM ALBUCH
AL3RP,STEINHEIM AN DER MURR
AL3RQ,STEINMAUERN
AL3RR,STEISSLINGEN
AL3RS,STERNENFELS
AL3RT,STETTEN
AL3RU,STETTEN AM KALTEN MARKT
AL3RV,STIMPFACH
AL3RW,STOCKACH
AL3RX,STODTLEN
AL3RY,STRASSBERG
AL3RZ,STRAUBENHARDT
AL3S1,STUHLINGEN
AL3S2,STUTENSEE
AL3S3,STUTTGART
AL3S4,SUSSEN
AL3S5,SULZ AM NECKAR
AL3S6,SULZBACH AN DER MURR
AL3S7,SULZBACH-LAUFEN
AL3S8,SULZBURG
AL3S9,SULZFELD
AL3SA,TAFERROT
AL3SB,TALHEIM
AL3SD,TAMM
AL3SE,TANNHAUSEN
AL3SF,TANNHEIM
AL3SG,TAUBERBISCHOFSHEIM
AL3SH,TEGERNAU
AL3SI,TENGEN
AL3SJ,TENINGEN
AL3SK,TENNENBRONN
AL3SL,TETTNANG
AL3SM,TIEFENBACH
AL3SN,TIEFENBRONN
AL3SO,TITISEE-NEUSTADT
AL3SP,TODTMOOS
AL3SQ,TODTNAU
AL3SR,TRIBERG IM SCHWARZWALD
AL3SS,TROCHTELFINGEN
AL3ST,TROSSINGEN
AL3SU,TUBINGEN
AL3SV,TUNAU
AL3SW,TUNINGEN
AL3SX,TUTTLINGEN
AL3SY,UBSTADT-WEIHER
AL3SZ,UBERLINGEN
AL3T1,UHLINGEN-BIRKENDORF
AL3T2,UHINGEN
AL3T3,UHLDINGEN-MUHLHOFEN
AL3T4,ULM
AL3T5,UMKIRCH
AL3T6,UMMENDORF
AL3T7,UNLINGEN
AL3T8,UNTEREISESHEIM
AL3T9,UNTERENSINGEN
AL3TA,UNTERGRUPPENBACH
AL3TB,UNTERKIRNACH
AL3TC,UNTERMARCHTAL
AL3TD,UNTERMUNKHEIM
AL3TE,UNTERREICHENBACH
AL3TF,UNTERSCHNEIDHEIM
AL3TG,UNTERSTADION
AL3TH,UNTERWACHINGEN
AL3TI,UNTERWALDHAUSEN
AL3TJ,URBACH
AL3TK,UTTENWEILER
AL3TL,UTZENFELD
AL3TM,VAIHINGEN AN DER ENZ
AL3TN,VELLBERG
AL3TO,VERINGENSTADT
AL3TP,VILLINGEN-SCHWENNINGEN
AL3TQ,VILLINGENDORF
AL3TR,VOHRENBACH
AL3TS,VOHRINGEN
AL3TT,VORSTETTEN
AL3TU,VOGT
AL3TV,VOGTSBURG IM KAISERSTUHL
AL3TW,VOLKERTSHAUSEN
AL3TX,WASCHENBEUREN
AL3TY,WAGHAUSEL
AL3TZ,WAIBLINGEN
AL3U1,WAIBSTADT
AL3U2,WAIN
AL3U3,WALD
AL3U4,WALDACHTAL
AL3U5,WALDBRONN
AL3U6,WALDBRUNN
AL3U7,WALDBURG
AL3U8,WALDDORFHASLACH
AL3U9,WALDENBUCH
AL3UA,WALDENBURG
AL3UB,WALDKIRCH
AL3UC,WALDSHUT-TIENGEN
AL3UD,WALDSTETTEN
AL3UE,WALHEIM
AL3UF,WALLDORF
AL3UG,WALLDURN
AL3UH,WALLHAUSEN
AL3UI,WALZBACHTAL
AL3UJ,WANGEN
AL3UK,WANGEN IM ALLGAU
AL3UL,WANNWEIL
AL3UM,WARTHAUSEN
AL3UN,WEHINGEN
AL3UO,WEHR
AL3UP,WEIDENSTETTEN
AL3UQ,WEIKERSHEIM
AL3UR,WEIL AM RHEIN
AL3US,WEIL DER STADT
AL3UT,WEIL IM SCHONBUCH
AL3UU,WEILEN UNTER DEN RINNEN
AL3UV,WEILHEIM
AL3UW,WEILHEIM AN DER TECK
AL3UX,WEINGARTEN
AL3UY,WEINGARTEN (BADEN)
AL3UZ,WEINHEIM
AL3V1,WEINSBERG
AL3V2,WEINSTADT
AL3V3,WEISENBACH
AL3V4,WEISSACH
AL3V5,WEISSACH IM TAL
AL3V6,WEISSBACH
AL3V7,WEISWEIL
AL3V8,WELLENDINGEN
AL3V9,WELZHEIM
AL3VA,WEMBACH
AL3VB,WENDLINGEN AM NECKAR
AL3VC,WERBACH
AL3VD,WERNAU (NECKAR)
AL3VE,WERTHEIM
AL3VF,WESTERHEIM
AL3VG,WESTERSTETTEN
AL3VH,WESTHAUSEN
AL3VI,WIDDERN
AL3VJ,WIEDEN
AL3VK,WIERNSHEIM
AL3VL,WIES
AL3VM,WIESENBACH
AL3VN,WIESENSTEIG
AL3VO,WIESLET
AL3VP,WIESLOCH
AL3VQ,WILDBERG
AL3VR,WILHELMSDORF
AL3VS,WILHELMSFELD
AL3VT,WILLSTATT
AL3VU,WIMSHEIM
AL3VV,WINDEN IM ELZTAL
AL3VW,WINNENDEN
AL3VX,WINTERBACH
AL3VY,WINTERLINGEN
AL3VZ,WITTIGHAUSEN
AL3W1,WITTLINGEN
AL3W2,WITTNAU
AL3W3,WORNERSBERG
AL3W4,WORT
AL3W5,WOLFACH
AL3W6,WOLFEGG
AL3W7,WOLFSCHLUGEN
AL3W8,WOLPERTSHAUSEN
AL3W9,WOLPERTSWENDE
AL3WA,WUSTENROT
AL3WB,WURMBERG
AL3WC,WURMLINGEN
AL3WD,WUTACH
AL3WE,WUTOSCHINGEN
AL3WF,WYHL AM KAISERSTUHL
AL3WG,ZABERFELD
AL3WH,ZAISENHAUSEN
AL3WI,ZELL AM HARMERSBACH
AL3WJ,ZELL IM WIESENTAL
AL3WK,ZELL UNTER AICHELBERG
AL3WL,ZIMMERN OB ROTTWEIL
AL3WM,ZIMMERN UNTER DER BURG
AL3WN,ZUZENHAUSEN
AL3WO,ZWEIFLINGEN
AL3WP,ZWIEFALTEN
AL3WQ,ZWINGENBERG
AL3ZZ,BADE6WURTEMBERG SAI
AL400,KOBLENZ
AL40A,BERG
AL41O,WIMBACH
AL41Z,WEHR
AL43R,KIRCHEN (SIEG)
AL468,HOCHSTATTEN
AL47Z,ECKERSWEILER
AL48A,HAHNWEILER
AL495,SULZBACH
AL4AN,LAHR
AL4GX,HAHN
AL4H9,KAPPEL
AL4IT,ROHRBACH
AL4J6,STEINBACH
AL4L1,HAMBACH
AL4N5,SULZBACH
AL4SF,WEIDENHAHN
AL52R,ESSLINGEN
AL53M,LAHR
AL542,NIEDERWEILER
AL548,OBERWEILER
AL57Z,ESCH
AL58H,LISSENDORF
AL600,MAINZ
AL601,WORMS
AL60H,ENSHEIM
AL623,HERXHEIM AM BERG
AL62U,MANNWEILER-COLLN
AL64U,HOMBERG
AL65L,RUTSWEILER AN DER LAUTER
AL664,ESCHBACH
AL66T,SILZ
AL66Y,WALSHEIM
AL67B,DEXHEIM
AL67H,FRIESENHEIM
AL67S,INGELHEIM AM RHEIN
AL685,NIERSTEIN
AL68W,DARSTEIN
AL69K,SCHWANHEIM
AL69O,ALTHORNBACH
AL6A1,REIFENBERG
AL900,DRESDEN
ALA01,MUNCHEN
ALA0V,BERCHTESGADEN
ALA2Y,DENKENDORF
ALA4C,WORTH
ALA5A,GROBENZELL
ALA8U,NEURIED
ALA92,SAUERLACH
ALA9F,EHEKIRCHEN
ALAA6,ROHRBACH
ALABL,BERG
ALAC3,FRIDOLFING
ALADG,PEITING
ALB0H,MOOS
ALB2O,NEUFAHRN I.NB
ALB5H,SCHONAU
ALB5W,FELDKIRCHEN
ALB6A,NEUKIRCHEN
ALB6N,STEINACH
ALC01,REGENSBURG
ALC08,ENSDORF
ALC0A,FREUDENBERG
ALC2Y,PARKSTEIN
ALC3F,WEIHERHAMMER
ALD00,BAMBERG
ALD0W,STADELHOFEN
ALD3C,BERG
ALD3O,NAILA
ALD3Z,TROGEN
ALD4V,MARKTSCHORGAST
ALD5N,MARKTREDWITZ
ALE00,ANSBACH
ALE01,ERLANGEN
ALE02,FURTH
ALE03,NURNBERG
ALE0W,LICHTENAU
ALE4P,BUCHENBACH
ALF02,WURZBURG
ALF03,ALZENAU
ALF12,BAD KISSINGEN
ALF18,HAMMELBURG
ALF3A,SAND A.MAIN
ALF5L,HASLOCH
ALF5V,NEUENDORF
ALF7O,HOLZKIRCHEN
ALG00,AUGSBURG
ALG02,KEMPTEN (ALLGAU)
ALG0X,BOBINGEN
ALG2O,WERTINGEN
ALG4D,LINDAU (BODENSEE)
ALG53,GUNZACH
ALG5D,NESSELWANG
ALG64,BENNINGEN
ALG87,MONHEIM
ALH00,BERLIN
ALH12,FRANKFURT (ODER)
ALH6J,KROPPEN
ALHBE,GROSSBEEREN
ALHD0,BREMEN
ALHD1,BREMERHAVEN
ALHE0,HAMBURG
ALI00,DARMSTADT
ALI01,FRANKFURT AM MAIN
ALI02,OFFENBACH AM MAIN
ALI03,WIESBADEN
ALI1C,WEITERSTADT
ALI1K,MORFELDEN-WALLDORF
ALI1O,RUSSELSHEIM
ALI1R,BAD HOMBURG V. D. HOHE
ALI1W,KRONBERG IM TAUNUS
ALI34,KELKHEIM (TAUNUS)
ALI3P,DREIEICH
ALI3V,MUHLHEIM AM MAIN
ALI3W,NEU-ISENBURG
ALI3Y,RODGAU
ALI4H,WALLUF
ALJ0N,DILLENBURG
ALJ0S,HAIGER
ALJ21,MARBURG
ALK1A,BAUNATAL
ALK2T,BAD AROLSEN
ALK3G,ESCHWEGE
ALL3N,SCHOENBECK
ALL3V,SILZ
ALL7F,SCHWAAN
ALLAC,SASSNITZ
ALLAK,STRALSUND
ALLCL,NEUBURG
ALM01,SALZGITTER
ALM02,WOLFSBURG
ALM0B,GIFHORN
ALM2Y,SOLLINGEN
ALM42,PEINE
ALM4O,KNEITLINGEN
ALN00,HANNOVER
ALN02,BURGDORF
ALN10,FREISTATT
ALN22,SALZHEMMENDORF
ALN2N,HILDESHEIM
ALN3N,HEINSEN
ALN46,DIEPENAU
ALN5C,HAGENBURG
ALO1Q,OTTERNDORF
ALO4S,REHLINGEN
ALO63,HELLWEGE
ALO70,WILSTEDT
ALO7I,MUNSTER
ALO88,FREIBURG (ELBE)
ALP02,OLDENBURG (OLDENBURG)
ALP0B,AURICH
ALP23,LANGEN
ALP3J,LAAR
ALP50,BAD ROTHENFELDE
ALP5L,NEUENKIRCHEN
ALQ00,DUSSELDORF
ALQ02,ESSEN
ALQ03,KREFELD
ALQ04,MONCHENGLADBACH
ALQ05,MULHEIM AN DER RUHR
ALQ07,REMSCHEID
ALQ08,SOLINGEN
ALQ09,WUPPERTAL
ALQ0S,HEILIGENHAUS
ALQ0U,LANGENFELD (RHEINLAND)
ALQ10,DORMAGEN
ALQ16,NEUSS
ALQ1A,KEMPEN
ALQ1G,WILLICH
ALQ1M,MOERS
ALQ1S,WESEL
ALR00,BONN
ALR01,KOLN
ALR02,LEVERKUSEN
ALR03,AACHEN
ALR0C,WURSELEN
ALR2D,KONIGSWINTER
ALS04,BOCHOLT
ALS0M,COESFELD
ALS1B,IBBENBUREN
ALS1G,LOTTE
ALS25,WARENDORF
ALT00,BIELEFELD
ALT02,GUTERSLOH
ALT0B,VERL
ALT0J,LOHNE
ALT0R,HOXTER
ALT1I,MINDEN
ALT1U,LICHTENAU
ALU00,BOCHUM
ALU04,HERNE
ALU06,ENNEPETAL
ALU0O,SUNDERN (SAUERLAND)
ALU0W,KIERSPE
ALU1D,BURBACH
ALU1K,NEUNKIRCHEN
ALV5A,BISMARK (ALTMARK)
ALV5D,HASSEL
ALW6Y,WORTH
ALWC1,ELMSHORN
ALWCT,RELLINGEN
ALWD0,WEDEL
ALWE1,KOHN
ALWHU,LINDAU
ALWNT,BAD SEGEBERG
ALX00,ERFURT
ALX1W,STEINBACH
ALX2I,FRIEDRICHSTHAL
ALX4F,STEINBACH
ALX4U,HORSELBERG-HAINICH
ALX6C,DONNDORF
ALX85,MEININGEN
ALX92,WALLDORF
ALX9S,HOCHHEIM
ALXFX,OBERREISSEN
ALXGX,SONNEBERG
ALXHO,ROHRBACH
ALXJK,PETERSBERG
ALXKW,DITTERSDORF
ALXL8,HIRSCHBERG
BE110,AARTSELAAR
BE111,ANVERS
BE112,BOECHOUT
BE113,BOOM
BE114,BORSBEEK
BE115,BRASSCHAAT
BE116,BRECHT
BE117,EDEGEM
BE118,ESSEN
BE119,HEMIKSEM
BE11A,HOVE
BE11B,KALMTHOUT
BE11C,KAPELLEN
BE11D,KONTICH
BE11E,LINT
BE11F,MALLE
BE11G,MORTSEL
BE11H,NIEL
BE11I,RANST
BE11J,RUMST
BE11K,SCHELLE
BE11L,SCHILDE
BE11M,SCHOTEN
BE11N,STABROEK
BE11O,WIJNEGEM
BE11P,WOMMELGEM
BE11Q,WUUSTWEZEL
BE11R,ZANDHOVEN
BE11S,ZOERSEL
BE11T,ZWIJNDRECHT
BE120,BERLAAR
BE121,BONHEIDEN
BE122,BORNEM
BE123,DUFFEL
BE124,HEIST-OP-DEN-BERG
BE125,LIERRE
BE126,MALINES
BE127,NIJLEN
BE128,PUTTE
BE129,PUURS
BE12A,SINT-AMANDS
BE12B,SINT-KATELIJNE-WAVER
BE12C,WILLEBROEK
BE130,ARENDONK
BE131,BAERLE-DUC
BE132,BALEN
BE133,BEERSE
BE134,DESSEL
BE135,GEEL
BE136,GROBBENDONK
BE137,HERENTALS
BE138,HERENTHOUT
BE139,HERSELT
BE13A,HOOGSTRATEN
BE13B,HULSHOUT
BE13C,KASTERLEE
BE13D,LAAKDAL
BE13E,LILLE
BE13F,MEERHOUT
BE13G,MERKSPLAS
BE13H,MOL
BE13I,OLEN
BE13J,OUD-TURNHOUT
BE13K,POPPEL
BE13L,RETIE
BE13M,RIJKEVORSEL
BE13N,TURNHOUT
BE13O,VORSELAAR
BE13P,VOSSELAAR
BE13Q,WESTERLO
BE210,JETTE
BE211,ANDERLECHT
BE212,AUDERGHEM
BE213,BERCHEM-SAINTE-AGATHE
BE214,BRUXELLES
BE215,ETTERBEEK
BE216,EVERE
BE217,FOREST
BE218,GANSHOREN
BE219,IXELLES
BE21A,KOEKELBERG
BE21B,MOLENBEEK-SAINT-JEAN
BE21C,SAINT-GILLES
BE21D,SAINT-JOSSE-TEN-NOOD
BE21E,SCHAERBEEK
BE21F,UCCLE
BE21G,WATERMAEL-BOITSFORT
BE21H,WOLUWE-SAINT-LAMBERT
BE21J,WOLUWE-SAINT-PIERRE
BE230,AFFLIGEM
BE231,ASSE
BE232,BEERSEL
BE233,BIEVENE
BE234,DILBEEK
BE235,DROGENBOS
BE236,GAMMERAGES
BE237,GOOIK
BE238,GRIMBERGEN
BE239,HAL
BE23A,HERNE
BE23B,HOEILAART
BE23C,KAMPENHOUT
BE23D,KAPELLE-OP-DEN-BOS
BE23E,KRAAINEM
BE23F,LENNIK
BE23G,LIEDEKERKE
BE23H,LINKEBEEK
BE23I,LONDERZEEL
BE23J,MACHELEN
BE23K,MEISE
BE23L,MERCHTEM
BE23M,OPWIJK
BE23N,OVERIJSE
BE23O,PEPINGEN
BE23P,ROOSDAAL
BE23Q,RHODE-SAINT-GENESE
BE23R,SINT-PIETERS-LEEUW
BE23S,STEENOKKERZEEL
BE23T,TERNAT
BE23U,VILVORDE
BE23V,WEMMEL
BE23W,WEZEMBEEK-OPPEM
BE23X,ZAVENTEM
BE23Y,ZEMST
BE240,AARSCHOT
BE241,BEGIJNENDIJK
BE242,BEKKEVOORT
BE243,BERTEM
BE244,BIERBEEK
BE245,BOORTMEERBEEK
BE246,BOUTERSEM
BE247,DIEST
BE248,GEETBETS
BE249,GLABBEEK
BE24A,HAACHT
BE24B,HERENT
BE24C,HOEGAARDEN
BE24D,HOLSBEEK
BE24E,HULDENBERG
BE24F,KEERBERGEN
BE24G,KORTENAKEN
BE24H,KORTENBERG
BE24I,LANDEN
BE24J,LOUVAIN
BE24K,LINTER
BE24L,LUBBEEK
BE24M,OUD-HEVERLEE
BE24N,ROTSELAAR
BE24O,MONTAIGU-ZICHEM
BE24P,TERVUREN
BE24Q,TIELT-WINGE
BE24R,TIRLEMONT
BE24S,TREMELO
BE24T,LEAU
BE250,BEAUVECHAIN
BE251,BRAINE-L'ALLEUD
BE252,BRAINE-LE-CHATEAU
BE253,CHASTRE
BE254,CHAUMONT-GISTOUX
BE255,COURT-SAINT-ETIENNE
BE256,GENAPPE
BE257,GREZ-DOICEAU
BE258,HELECINE
BE259,INCOURT
BE25A,ITTRE
BE25B,JODOIGNE
BE25C,LA HULPE
BE25D,LASNE
BE25E,MONT-SAINT-GUIBERT
BE25F,NIVELLES
BE25G,ORP-JAUCHE
BE25H,OTTIGNIES-LOUVAIN-LA-NEUVE
BE25J,PERWEZ
BE25K,RAMILLIES
BE25L,REBECQ
BE25M,RIXENSART
BE25N,TUBIZE
BE25P,VILLERS-LA-VILLE
BE25Q,WALHAIN
BE25R,WAVRE
BE25S,WATERLOO
BE310,BEERNEM
BE311,BLANKENBERGE
BE312,BRUGES
BE313,DAMME
BE314,JABBEKE
BE315,KNOKKE-HEIST
BE316,OOSTKAMP
BE317,TORHOUT
BE318,ZEDELGEM
BE319,ZUIENKERKE
BE320,DIXMUDE
BE321,HOUTHULST
BE322,KOEKELARE
BE323,KORTEMARK
BE324,LO-RENINGE
BE330,HEUVELLAND
BE331,YPRES
BE332,LANGEMARK-POELKAPELLE
BE333,MESSINES
BE334,POPERINGE
BE335,VLETEREN
BE336,WERVIK
BE337,ZONNEBEKE
BE340,ANZEGEM
BE341,AVELGEM
BE342,DEERLIJK
BE343,HARELBEKE
BE344,COURTRAI
BE345,KUURNE
BE346,LENDELEDE
BE347,MENIN
BE348,ESPIERRES-HELCHIN
BE349,WAREGEM
BE34A,WEVELGEM
BE34B,ZWEVEGEM
BE350,BREDENE
BE351,DE HAAN
BE352,GISTEL
BE353,ICHTEGEM
BE354,MIDDELKERKE
BE355,OSTENDE
BE356,OUDENBURG
BE360,HOOGLEDE
BE361,INGELMUNSTER
BE362,IZEGEM
BE363,LEDEGEM
BE364,LICHTERVELDE
BE365,MOORSLEDE
BE366,ROULERS
BE367,STADEN
BE370,ARDOOIE
BE371,DENTERGEM
BE372,MEULEBEKE
BE373,OOSTROZEBEKE
BE374,PITTEM
BE375,RUISELEDE
BE376,TIELT
BE377,WIELSBEKE
BE378,WINGENE
BE380,ALVERINGEM
BE381,LA PANNE
BE382,KOKSIJDE
BE383,NIEUPORT
BE384,FURNES
BE410,ALOST
BE411,DENDERLEEUW
BE412,ERPE-MERE
BE413,GRAMMONT
BE414,HAALTERT
BE415,HERZELE
BE416,LEDE
BE417,NINOVE
BE418,SINT-LIEVENS-HOUTEM
BE419,ZOTTEGEM
BE420,BERLARE
BE421,BUGGENHOUT
BE422,TERMONDE
BE423,HAMME
BE424,LAARNE
BE425,LEBBEKE
BE426,WAASMUNSTER
BE427,WETTEREN
BE428,WICHELEN
BE429,ZELE
BE430,ASSENEDE
BE431,EEKLO
BE432,KAPRIJKE
BE433,MALDEGEM
BE434,SINT-LAUREINS
BE435,ZELZATE
BE440,AALTER
BE441,ASTENE
BE442,DE PINTE
BE443,DESTELBERGEN
BE444,EVERGEM
BE445,GAVERE
BE446,GAND
BE447,KNESSELARE
BE448,LOCHRISTI
BE449,LOVENDEGEM
BE44A,MELLE
BE44B,MERELBEKE
BE44C,MOERBEKE
BE44D,NAZARETH
BE44E,NEVELE
BE44F,OOSTERZELE
BE44G,SINT-MARTENS-LATEM
BE44H,WAARSCHOOT
BE44I,WACHTEBEKE
BE44J,ZOMERGEM
BE44K,ZULTE
BE450,BRAKEL
BE451,HOREBEKE
BE452,KLUISBERGEN
BE453,KRUISHOUTEM
BE454,LIERDE
BE455,MAARKEDAL
BE456,AUDENARDE
BE457,RENAIX
BE458,WORTEGEM-PETEGEM
BE459,ZINGEM
BE45A,ZWALM
BE460,BEVEREN
BE461,KRUIBEKE
BE462,LOKEREN
BE463,SINT-GILLIS-WAAS
BE464,SINT-NIKLAAS
BE465,STEKENE
BE466,TEMSE
BE510,ATH
BE511,BELOEIL
BE512,BERNISSART
BE513,BRUGELETTE
BE514,CHIEVRES
BE515,ELLEZELLES
BE516,FLOBECQ
BE517,FRASNES-LEZ-ANVAING
BE520,CHARLEROI
BE521,AISEAU-PRESLE
BE522,CHAPELLE-LEZ-HERLAIMONT
BE523,CHATELET
BE524,COURCELLES
BE525,FARCIENNES
BE526,FLEURUS
BE527,FONTAINE-L'EVEQUE
BE528,GERPINNES
BE529,LES BONS VILLERS
BE52A,MANAGE
BE52B,MONTIGNY-LE-TILLEUL
BE52C,PONT-A-CELLES
BE52D,SENEFFE
BE530,MONS
BE531,BOUSSU
BE532,COLFONTAINE
BE533,DOUR
BE534,FRAMERIES
BE535,HENSIES
BE536,HONNELLES
BE537,JURBISE
BE538,LENS
BE539,QUAREGNON
BE53A,QUEVY
BE53B,QUIEVRAIN
BE53C,SAINT-GHISLAIN
BE540,MOUSCRON
BE541,COMINES-WARNETON
BE550,BRAINE-LE-COMTE
BE551,ECAUSSINNES
BE552,ENGHIEN
BE553,LA LOUVIERE
BE554,LE ROEULX
BE555,LESSINES
BE556,SILLY
BE557,SOIGNIES
BE560,THUIN
BE561,ANDERLUES
BE562,BEAUMONT
BE563,BINCHE
BE564,CHIMAY
BE565,ERQUELINNES
BE566,ESTINNES
BE567,FROIDCHAPELLE
BE568,HAM-SUR-HEURE-NALINNES
BE569,LOBBES
BE56A,MERBES-LE-CHATEAU
BE56B,MOMIGNIES
BE56C,MORLANWELZ
BE56D,SIVRY-RANCE
BE570,TOURNAI
BE571,ANTOING
BE572,BRUNEHAUT
BE573,CELLES
BE574,ESTAIMPUIS
BE575,LEUZE-EN-HAINAUT
BE576,MONT-DE-L'ENCLUS
BE577,PECQ
BE578,PERUWELZ
BE579,RUMES
BE610,HUY
BE611,AMAY
BE612,ANTHISNES
BE613,BURDINNE
BE614,CLAVIER
BE615,ENGIS
BE616,FERRIERES
BE617,HAMOIR
BE618,HERON
BE619,MARCHIN
BE61A,MODAVE
BE61B,NANDRIN
BE61C,OUFFET
BE61D,TINLOT
BE61E,VERLAINE
BE61F,VILLERS-LE-BOUILLET
BE61G,WANZE
BE620,LIEGE
BE621,ANS
BE622,AWANS
BE623,AYWAILLE
BE624,BASSENGE
BE625,BEYNE-HEUSAY
BE626,BLEGNY
BE627,CHAUDFONTAINE
BE628,COMBLAIN-AU-PONT
BE629,DALHEM
BE62A,ESNEUX
BE62B,FLEMALLE
BE62C,FLERON
BE62D,GRACE-HOLLOGNE
BE62E,HERSTAL
BE62F,JUPRELLE
BE62G,NEUPRE
BE62H,OUPEYE
BE62I,SAINT-NICOLAS
BE62J,SERAING
BE62K,SOUMAGNE
BE62L,SPRIMONT
BE62M,TROOZ
BE62N,VISE
BE630,VERVIERS
BE631,AMEL
BE632,AUBEL
BE633,BAELEN
BE634,BULLINGEN
BE635,BUTGENBACH
BE636,BURG-REULAND
BE637,DISON
BE638,EUPEN
BE639,HERVE
BE63A,JALHAY
BE63B,KELMIS
BE63C,LIERNEUX
BE63D,LIMBOURG
BE63E,LONTZEN
BE63F,MALMEDY
BE63G,OLNE
BE63H,PEPINSTER
BE63I,PLOMBIERES
BE63J,RAEREN
BE63K,SANKT VITH
BE63L,SPA
BE63M,STAVELOT
BE63N,STOUMONT
BE63O,THEUX
BE63P,THIMISTER-CLERMONT
BE63Q,TROIS-PONTS
BE63R,WAIMES
BE63S,WELKENRAEDT
BE640,WAREMME
BE641,BERLOZ
BE642,BRAIVES
BE643,CRISNEE
BE644,DONCEEL
BE645,FAIMES
BE646,FEXHE-LE-HAUT-CLOCHER
BE647,GEER
BE648,HANNUT
BE649,LINCENT
BE64A,OREYE
BE64B,REMICOURT
BE64C,SAINT-GEORGES-SUR-MEUSE
BE64D,WASSEIGES
BE710,AS
BE711,BERINGEN
BE712,DIEPENBEEK
BE713,GENK
BE714,GINGELOM
BE715,HALEN
BE716,HAM
BE717,HASSELT
BE718,HERCK-LA-VILLE
BE719,HEUSDEN-ZOLDER
BE71A,BOURG-LEOPOLD
BE71B,LUMMEN
BE71C,NIEUWERKERKEN
BE71D,OPGLABBEEK
BE71E,SAINT-TROND
BE71F,TESSENDERLO
BE71G,ZONHOVEN
BE71H,ZUTENDAAL
BE720,BOCHOLT
BE721,BREE
BE722,DILSEN-STOKKEM
BE723,HAMONT-ACHEL
BE724,HECHTEL-EKSEL
BE725,HOUTHALEN-HELCHTEREN
BE726,KINROOI
BE727,LOMMEL
BE728,MAASEIK
BE729,MEEUWEN-GRUITRODE
BE72A,NEERPELT
BE72B,OVERPELT
BE72C,PEER
BE730,ALKEN
BE731,BILZEN
BE732,LOOZ
BE733,HEERS
BE734,HERSTAPPE
BE735,HOESELT
BE736,KORTESSEM
BE737,LANAKEN
BE738,MAASMECHELEN
BE739,RIEMST
BE73A,TONGRES
BE73B,FOURONS
BE73C,WELLEN
BE810,ARLON
BE811,ATTERT
BE812,AUBANGE
BE813,MARTELANGE
BE814,MESSANCY
BE820,BASTOGNE
BE821,BERTOGNE
BE822,FAUVILLERS
BE823,GOUVY
BE824,HOUFFALIZE
BE825,SAINTE-ODE
BE826,VAUX-SUR-SURE
BE827,VIELSALM
BE830,MARCHE-EN-FAMENNE
BE831,DURBUY
BE832,EREZEE
BE833,HOTTON
BE834,LA ROCHE-EN-ARDENNE
BE835,MANHAY
BE836,NASSOGNE
BE837,RENDEUX
BE838,TENNEVILLE
BE840,NEUFCHATEAU
BE841,BERTRIX
BE842,BOUILLON
BE843,DAVERDISSE
BE844,HERBEUMONT
BE845,LEGLISE
BE846,LIBIN
BE847,LIBRAMONT-CHEVIGNY
BE848,PALISEUL
BE849,SAINT-HUBERT
BE84A,TELLIN
BE84B,WELLIN
BE850,VIRTON
BE851,CHINY
BE852,ETALLE
BE853,FLORENVILLE
BE854,HABAY
BE855,MEIX-DEVANT-VIRTON
BE856,MUSSON
BE857,ROUVROY
BE858,SAINT-LEGER
BE859,TINTIGNY
BE910,DINANT
BE911,ANHEE
BE912,BEAURAING
BE913,BIEVRE
BE914,CINEY
BE915,GEDINNE
BE916,HAMOIS
BE917,HASTIERE
BE918,HAVELANGE
BE919,HOUYET
BE91A,ONHAYE
BE91B,ROCHEFORT
BE91C,SOMME-LEUZE
BE91D,VRESSE-SUR-SEMOIS
BE91E,YVOIR
BE920,NAMUR
BE921,ANDENNE
BE922,ASSESSE
BE923,EGHEZEE
BE924,FERNELMONT
BE925,FLOREFFE
BE926,FOSSES-LA-VILLE
BE927,GEMBLOUX
BE928,GESVES
BE929,JEMEPPE-SUR-SAMBRE
BE92A,LA BRUYERE
BE92B,METTET
BE92C,OHEY
BE92D,PROFONDEVILLE
BE92E,SAMBREVILLE
BE92F,SOMBREFFE
BE930,PHILIPPEVILLE
BE931,CERFONTAINE
BE932,COUVIN
BE933,DOISCHE
BE934,FLORENNES
BE935,VIROINVAL
BE936,WALCOURT
LU100,CLERVAUX
LU101,CONSTHUM
LU102,HEINERSCHEID
LU103,HOSINGEN
LU104,MUNSHAUSEN
LU105,TROISVIERGES
LU106,WEISWAMPACH
LU107,WINCRANGE
LU110,BASTENDORF
LU111,BETTENDORF
LU112,BOURSCHEID
LU113,DIEKIRCH
LU114,ERMSDORF
LU115,ERPELDANGE
LU116,ETTELBRUCK
LU117,FEULEN
LU118,HOSCHEID
LU119,MEDERNACH
LU11A,MERTZIG
LU11B,REISDORF
LU11C,SCHIEREN
LU120,BECKERICH
LU121,BETTBORN
LU122,ELL
LU123,GROSBOUS
LU124,RAMBROUCH
LU125,REDANGE-ATTERT
LU126,SAEUL
LU127,USELDANGE
LU128,VICHTEN
LU129,WAHL
LU12A,PREIZERDAUL
LU130,FOUHREN
LU131,PUTSCHEID
LU132,VIANDEN
LU140,BOULAIDE
LU141,ESCH-SUR-SURE
LU142,ESCHWEILER
LU143,GOESDORF
LU144,HEIDERSCHEID
LU145,KAUTENBACH
LU146,LAC HAUTE SURE
LU147,NEUNHAUSEN
LU148,WILTZ
LU149,WILWERWILTZ
LU14A,WINSELER
LU200,BEAUFORT
LU201,BECH
LU202,BERDORF
LU203,CONSDORF
LU204,ECHTERNACH
LU205,MOMPACH
LU206,ROSPORT
LU207,WALDBILLIG
LU210,BETZDORF
LU211,BIWER
LU212,FLAXWEILER
LU213,GREVENMACHER
LU214,JUNGLINSTER
LU215,MANTERNACH
LU216,MERTERT
LU217,WORMELDANGE
LU220,BOUS
LU221,BURMERANGE
LU222,DALHEIM
LU223,LENNINGEN
LU224,MONDORF-LES-BAINS
LU225,REMERSCHEN
LU226,REMICH
LU227,STADTBREDIMUS
LU228,WALDBREDIMUS
LU229,WELLENSTEIN
LU300,BASCHARAGE
LU301,CLEMENCY
LU302,DIPPACH
LU303,GARNICH
LU304,HOBSCHEID
LU305,KEHLEN
LU306,KOERICH
LU307,KOPSTAL
LU308,MAMER
LU309,SEPTFONTAINES
LU30A,STEINFORT
LU310,BETTEMBOURG
LU311,DIFFERDANGE
LU312,DUDELANGE
LU313,ESCH-SUR-ALZETTE
LU314,FRISANGE
LU315,KAYL
LU316,LEUDELANGE
LU317,MONDERCANGE
LU318,PETANGE
LU319,RECKANGE-SUR-MESS
LU31A,ROESER
LU31B,RUMELANGE
LU31C,SANEM
LU31D,SCHIFFLANGE
LU320,LUXEMBOURG
LU321,BERTRANGE
LU322,CONTERN
LU323,HESPERANGE
LU324,NIEDERANVEN
LU325,SANDWEILER
LU326,SCHUTTRANGE
LU327,STEINSEL
LU328,STRASSEN
LU329,WALFERDANGE
LU32A,WEILER-LA-TOUR
LU330,BERG
LU331,BISSEN
LU332,BOEVANGE-ATTERT
LU333,FISCHBACH
LU334,HEFFINGEN
LU335,LAROCHETTE
LU336,LINTGEN
LU337,LORENTZWEILER
LU338,MERSCH
LU339,NOMMERN
LU33A,TUNTANGE
LU340,COLMAR-BERG
LU341,KAERJENG
LU343,SCHENGEN
MO001,Monaco (MO001)
SU111,ADLIKON
SU112,ADLISWIL
SU113,AESCH (ZH)
SU114,AEUGST AM ALBIS
SU115,AFFOLTERN AM ALBIS
SU116,ALTIKON
SU117,ANDELFINGEN
SU118,BACHENBULACH
SU119,BACHS
SU11A,BARETSWIL
SU11B,BASSERSDORF
SU11C,BAUMA
SU11D,BENKEN (ZH)
SU11E,BERG AM IRCHEL
SU11F,BERTSCHIKON
SU11G,BIRMENSDORF
SU11H,BONSTETTEN
SU11I,BOPPELSEN
SU11J,BRUTTEN
SU11K,BUBIKON
SU11L,BUCH AM IRCHEL
SU11M,BUCHS (ZH)
SU11N,BULACH
SU11O,DACHSEN
SU11P,DAGERLEN
SU11Q,DALLIKON
SU11R,DANIKON
SU11S,DATTLIKON
SU11T,DIELSDORF
SU11U,DIETIKON
SU11V,DIETLIKON
SU11W,DINHARD
SU11X,DORF
SU11Y,DUBENDORF
SU11Z,DURNTEN
SU121,EGG
SU122,EGLISAU
SU123,ELGG
SU124,ELLIKON AN DER THUR
SU125,ELSAU
SU126,EMBRACH
SU127,ERLENBACH
SU128,FALLANDEN
SU129,FEHRALTORF
SU12A,FEUERTHALEN
SU12B,FISCHENTHAL
SU12C,FLAACH
SU12D,FLURLINGEN
SU12E,FREIENSTEIN TEUFEN
SU12F,GEROLDSWIL
SU12G,GLATTFELDEN
SU12H,GOSSAU
SU12I,GREIFENSEE
SU12J,GRENINGEN
SU12K,HAGENBUCH
SU12L,HAUSEN AM ALBIS
SU12M,HEDINGEN
SU12N,HENGGART
SU12O,HERRLIBERG
SU12P,HETTLINGEN
SU12Q,HINWIL
SU12R,HIRZEL
SU12S,HITTNAU
SU12T,HOCHFELDEN
SU12U,HORI
SU12V,HOFSTETTEN (ZH)
SU12W,HOMBRECHTIKON
SU12X,HORGEN
SU12Y,HUNTWANGEN
SU12Z,HUTTEN
SU131,HUTTIKON
SU132,HUMLIKON
SU133,ILLNAU EFFRETIKON
SU134,KAPPEL AM ALBIS
SU135,KILCHBERG (ZH)
SU136,KLEINANDELFINGEN
SU137,KLOTEN
SU138,KNONAU
SU139,KUSNACHT
SU13A,KYBURG
SU13B,LANGNAU AM ALBIS
SU13C,LAUFEN UHWIESEN
SU13D,LINDAU
SU13E,LUFINGEN
SU13F,MANNEDORF
SU13G,MARTHALEN
SU13H,MASCHWANDEN
SU13I,MAUR
SU13J,MEILEN
SU13K,METTMENSTETTEN
SU13L,MONCHALTORF
SU13M,NEERACH
SU13N,NEFTENBACH
SU13O,NIEDERGLATT
SU13P,NIEDERHASLI
SU13Q,NIEDERWENINGEN
SU13R,NURENSDORF
SU13S,OBEREMBRACH
SU13T,OBERENGSTRINGEN
SU13U,OBERGLATT
SU13V,OBERRIEDEN
SU13W,OBERSTAMMHEIM
SU13X,OBERWENINGEN
SU13Y,OBFELDEN
SU13Z,OETWIL AM SEE
SU141,OETWIL AN DER LIMMAT
SU142,OPFIKON
SU143,OSSINGEN
SU144,OTELFINGEN
SU145,OTTENBACH
SU146,PFAFFIKON
SU147,PFUNGEN
SU148,RAFZ
SU149,REGENSBERG
SU14A,REGENSDORF
SU14B,RHEINAU
SU14C,RICHTERSWIL
SU14D,RICKENBACH (ZH)
SU14E,RIFFERSWIL
SU14F,RORBAS
SU14G,RUMLANG
SU14H,RUSCHLIKON
SU14I,RUTI
SU14J,RUSSIKON
SU14K,SCHLATT
SU14L,SCHLEINIKON
SU14M,SCHLIEREN
SU14N,SCHOFFLISDORF
SU14O,SCHONENBERG
SU14P,SCHWERZENBACH
SU14Q,SEEGRABEN
SU14R,SEUZACH
SU14S,STADEL
SU14T,STAFA
SU14U,STALLIKON
SU14V,STEINMAUR
SU14W,STERNENBERG
SU14X,THALHEIM AN DER THUR
SU14Y,THALWIL
SU14Z,TRULLIKON
SU151,TRUTTIKON
SU152,TURBENTHAL
SU153,UETIKON AM SEE
SU154,UITIKON
SU155,UNTERENGSTRINGEN
SU156,UNTERSTAMMHEIM
SU157,URDORF
SU158,USTER
SU159,VOLKEN
SU15A,VOLKETSWIL
SU15B,WADENSWIL
SU15C,WALD (ZH)
SU15D,WALLISELLEN
SU15E,WALTALINGEN
SU15F,WANGEN BRUTTISELLEN
SU15G,WASTERKINGEN
SU15H,WEIACH
SU15I,WEININGEN
SU15J,WEISSLINGEN
SU15K,WETTSWIL AM ALBIS
SU15L,WETZIKON
SU15M,WIESENDANGEN
SU15N,WIL (ZH)
SU15O,WILA
SU15P,WILDBERG
SU15Q,WINKEL
SU15R,WINTERTHUR
SU15S,ZELL (ZH)
SU15T,ZOLLIKON
SU15U,ZURICH
SU15V,ZUMIKON
SU211,AARBERG
SU212,AARWANGEN
SU213,ADELBODEN
SU214,AEFLIGEN
SU215,AEGERTEN
SU216,AESCHI BEI SPIEZ
SU217,AESCHLEN
SU218,AFFOLTERN IM EMMENTAL
SU219,ALBLIGEN
SU21A,ALCHENSTORF
SU21B,ALLMENDINGEN
SU21C,AMSOLDINGEN
SU21D,ARCH
SU21E,ARNI (BE)
SU21F,ATTISWIL
SU21G,AUSWIL
SU21H,BARISWIL
SU21I,BATTERKINDEN
SU21J,BALLMOOS
SU21K,BANGERTEN
SU21L,BANNWIL
SU21M,BARGEN
SU21N,BEATENBERG
SU21O,BELLMUND
SU21P,BELP
SU21Q,BELPBERG
SU21R,BELPRAHON
SU21S,BERKEN
SU21T,BERNE
SU21U,BETTENHAUSEN
SU21V,BEVILARD
SU21W,BIEL (BE)
SU21X,BIGLEN
SU21Y,BLEIENBACH
SU21Z,BLEIKEN BEI OBERDIESSBACH
SU221,BLUMENSTEIN
SU222,BONIGEN
SU223,BOLLIGEN
SU224,BOLLODINGEN
SU225,BOLTIGEN
SU226,BOWIL
SU227,BREMGARTEN BEI BERN
SU228,BRENZIKOFEN
SU229,BRIENZ
SU22A,BRIENZWILER
SU22B,BRUGG
SU22C,BRUTTELEN
SU22D,BUCHHOLTERBERG
SU22E,BUETIGEN
SU22F,BUHL
SU22G,BUREN AN DER AARE
SU22H,BUREN ZUM HOF
SU22I,BURGDORF
SU22J,BURGISTEIN
SU22K,BUSSWIL BEI BUREN
SU22L,BUSSWIL BEI MELCHNAU
SU22M,CHAMPOZ
SU22N,CHATELAT
SU22O,CLAVALEYRES
SU22P,CORCELLES
SU22Q,CORGEMONT
SU22R,CORMORET
SU22S,CORTEBERT
SU22T,COURT
SU22U,COURTELARY
SU22V,CREMINES
SU22W,DARLIGEN
SU22X,DARSTETTEN
SU22Y,DEISSWIL BEI MUNCHENBUCHSEE
SU22Z,DIEMERSWIL
SU231,DIEMTIGEN
SU232,DIESSBACH BEI BUREN
SU233,DIESSE
SU234,DOTZIGEN
SU235,DURRENROTH
SU236,EGGIWIL
SU237,ENGLISBERG
SU238,EPSACH
SU239,ERISWIL
SU23A,ERIZ
SU23B,ERLACH
SU23C,ERLENBACH IM SIMMENTAL
SU23D,ERSIGEN
SU23E,ESCHERT
SU23F,ETZELKOFEN
SU23G,EVILARD
SU23H,FAHRNI
SU23I,FARNERN
SU23J,FERENBALM
SU23K,FINSTERHENNEN
SU23L,FORST
SU23M,FRAUBRUNNEN
SU23N,FRAUENKAPPELEN
SU23O,FREIMETTIGEN
SU23P,FRUTIGEN
SU23Q,GADMEN
SU23R,GALS
SU23S,GAMPELEN
SU23T,GELTERFINGEN
SU23U,GERZENSEE
SU23V,GOLATEN
SU23W,GONDISWIL
SU23X,GRABEN
SU23Y,GRAFENRIED
SU23Z,GRANDVAL
SU241,GRINDELWALD
SU242,GROSSAFFOLTERN
SU243,GROSSHOCHSTETTEN
SU244,GSTEIG
SU245,GSTEIGWILER
SU246,GUNDLISCHWAND
SU247,GUGGISBERG
SU248,GURBRU
SU249,GURZELEN
SU24A,GUTENBURG
SU24B,GUTTANNEN
SU24C,HABKERN
SU24D,HAUTLIGEN
SU24E,HAGNECK
SU24F,HASLE BEI BURGDORF
SU24G,HASLIBERG
SU24H,HEILIGENSCHWENDI
SU24I,HEIMBERG
SU24J,HEIMENHAUSEN
SU24K,HEIMISWIL
SU24L,HELLSAU
SU24M,HERBLIGEN
SU24N,HERMISWIL
SU24O,HERMRIGEN
SU24P,HERZOGENBUCHSEE
SU24Q,HILTERFINGEN
SU24R,HINDELBANK
SU24S,HOCHSTETTEN
SU24T,HOFEN
SU24U,HOFSTETTEN BEI BRIENZ
SU24V,HOMBERG
SU24W,HORRENBACH BUCHEN
SU24X,HUTTWIL
SU24Y,IFFWIL
SU24Z,INKWIL
SU251,INNERTKIRCHEN
SU252,INS
SU253,INTERLAKEN
SU254,IPSACH
SU255,ISELTWALD
SU256,ITTIGEN
SU257,JABERG
SU258,JEGENSTORF
SU259,JENS
SU25A,KALLNACH
SU25B,KANDERGRUND
SU25C,KANDERSTEG
SU25D,KAPPELEN
SU25E,KAUFDORF
SU25F,KEHRSATZ
SU25G,KERNENRIED
SU25H,KIENERSRUTI
SU25I,KIESEN
SU25J,KIRCHBERG
SU25K,KIRCHDORF
SU25L,KIRCHENTHURNEN
SU25M,KIRCHLINDACH
SU25N,KLEINDIETWIL
SU25O,KONIZ
SU25P,KONOLFINGEN
SU25Q,KOPPIGEN
SU25R,KRATTIGEN
SU25S,KRAUCHTHAL
SU25T,KRIECHENWIL
SU25U,LA FERRIERE
SU25V,LA HEUTTE
SU25W,LA NEUVEVILLE
SU25X,LAENGENBUEHL
SU25Y,LAMBOING
SU25Z,LANDISWIL
SU261,LANGENTHAL
SU262,LANGNAU IM EMMENTAL
SU263,LAUENEN
SU264,LAUPEN
SU265,LAUPERSWIL
SU266,LAUTERBRUNNEN
SU267,LEIMISWIL
SU268,LEISSIGEN
SU269,LENGNAU (BE)
SU26A,LENK
SU26B,LEUZIGEN
SU26C,LIGERZ
SU26D,LIMPACH
SU26E,LINDEN
SU26F,LOHNSTORF
SU26G,LOTZWIL
SU26H,LOVERESSE
SU26I,LUSCHERZ
SU26J,LUTSCHENTAL
SU26K,LUTZELFLUH
SU26L,LYSS
SU26M,LYSSACH
SU26N,MADISWIL
SU26O,MALLERAY
SU26P,MATTEN BEI INTERLAKEN
SU26Q,MATTSTETTEN
SU26R,MEIENRIED
SU26S,MEIKIRCH
SU26T,MEINISBERG
SU26U,MEIRINGEN
SU26V,MELCHNAU
SU26W,MERZLIGEN
SU26X,MIRCHEL
SU26Y,MORIGEN
SU26Z,MOTSCHWIL
SU271,MONIBLE
SU272,MONT TRAMELAN
SU273,MOOSSEEDORF
SU274,MOUTIER
SU275,MUHLEBERG
SU276,MUHLEDORF (BE)
SU277,MUHLETHURNEN
SU278,MULCHI
SU279,MUNCHENBUCHSEE
SU27A,MUNCHENWILER
SU27B,MUNCHRINGEN
SU27C,MUNSINGEN
SU27D,MUNTSCHEMIER
SU27E,MURI BEI BERN
SU27F,NEUENEGG
SU27G,NIDAU
SU27H,NIEDERBIPP
SU27I,NIEDERHUNIGEN
SU27J,NIEDERMUHLERN
SU27K,NIEDERONZ
SU27L,NIEDEROSCH
SU27M,NIEDERRIED BEI INTERLAKEN
SU27N,NIEDERRIED BEI KALLNACH
SU27O,NIEDERSTOCKEN
SU27P,NIEDERWICHTRACH
SU27Q,NODS
SU27R,NOFLEN
SU27S,OBERBALM
SU27T,OBERBIPP
SU27U,OBERBURG
SU27V,OBERDIESSBACH
SU27W,OBERHOFEN AM THUNERSEE
SU27X,OBERHUNIGEN
SU27Y,OBERLANGENEGG
SU27Z,OBERONZ
SU281,OBEROSCH
SU282,OBERRIED AM BRIENZERSEE
SU283,OBERSTECKHOLZ
SU284,OBERSTOCKEN
SU285,OBERTHAL
SU286,OBERWICHTRACH
SU287,OBERWIL BEI BUREN
SU288,OBERWIL IM SIMMENTAL
SU289,OCHLENBERG
SU28A,OESCHENBACH
SU28B,OPPLIGEN
SU28C,ORPUND
SU28D,ORVIN
SU28E,OSTERMUNDIGEN
SU28F,PERREFITTE
SU28G,PERY
SU28H,PIETERLEN
SU28I,PLAGNE
SU28J,POHLERN
SU28K,PONTENET
SU28L,PORT
SU28M,PRELES
SU28N,RADELFINGEN
SU28O,RAPPERSWIL
SU28P,REBEVELIER
SU28Q,RECONVILIER
SU28R,REICHENBACH IM KANDERTAL
SU28S,REISISWIL
SU28T,RENAN
SU28U,REUTIGEN
SU28V,RIGGISBERG
SU28W,RINGGENBERG
SU28X,ROCHES
SU28Y,ROTHENBACH BEI HERZOGENBUCHSEE
SU28Z,ROTHENBACH IM EMMENTAL
SU291,ROGGWIL
SU292,ROHRBACH
SU293,ROHRBACHGRABEN
SU294,ROMONT (BE)
SU295,RUBIGEN
SU296,RUDERSWIL
SU297,RUDTLIGEN ALCHENFLUH
SU298,RUEGGISBERG
SU299,RUEGSAU
SU29A,RUMLIGEN
SU29B,RUSCHEGG
SU29C,RUTI BEI BUREN
SU29D,RUTI BEI LYSSACH
SU29E,RUTI BEI RIGGISBERG
SU29F,RUTSCHELEN
SU29G,RUMENDINGEN
SU29H,RUMISBERG
SU29I,RUPPOLDSRIED
SU29J,SAANEN
SU29K,SAFNERN
SU29L,SAICOURT
SU29M,SAINT IMIER
SU29N,SAULES
SU29O,SAXETEN
SU29P,SCHALUNEN
SU29Q,SCHANGNAU
SU29R,SCHATTENHALB
SU29S,SCHELTEN
SU29T,SCHEUNEN
SU29U,SCHEUREN
SU29V,SCHLOSSWIL
SU29W,SCHUPFEN
SU29X,SCHWADERNAU
SU29Y,SCHWANDEN BEI BRIENZ
SU29Z,SCHWARZHAUSERN
SU2A1,SCHWENDIBACH
SU2A2,SEEBERG
SU2A3,SEEDORF
SU2A4,SEEHOF
SU2A5,SEFTIGEN
SU2A6,SIGNAU
SU2A7,SIGRISWIL
SU2A8,SISELEN
SU2A9,SONCEBOZ SOMBEVAL
SU2AA,SONVILIER
SU2AB,SORNETAN
SU2AC,SORVILIER
SU2AD,SOUBOZ
SU2AE,SPIEZ
SU2AF,SAINT STEPHAN
SU2AG,STEFFISBURG
SU2AH,STETTLEN
SU2AI,STUDEN
SU2AJ,SUMISWALD
SU2AK,SUTZ LATTRIGEN
SU2AL,TAGERTSCHI
SU2AM,TAUFFELEN
SU2AN,TAVANNES
SU2AO,TEUFFENTHAL
SU2AP,THIERACHERN
SU2AQ,THORIGEN
SU2AR,THUN
SU2AS,THUNSTETTEN
SU2AT,TOFFEN
SU2AU,TRACHSELWALD
SU2AV,TRAMELAN
SU2AW,TREITEN
SU2AX,TRIMSTEIN
SU2AY,TRUB
SU2AZ,TRUBSCHACHEN
SU2B1,TSCHUGG
SU2B2,TUSCHERZ ALFERMEE
SU2B3,TWANN
SU2B4,UEBESCHI
SU2B5,UETENDORF
SU2B6,UNTERLANGENEGG
SU2B7,UNTERSEEN
SU2B8,UNTERSTECKHOLZ
SU2B9,URSENBACH
SU2BA,URTENEN
SU2BB,UTTIGEN
SU2BC,UTZENSTORF
SU2BD,VAUFFELIN
SU2BE,VECHIGEN
SU2BF,VILLERET
SU2BG,VINELZ
SU2BH,WACHSELDORN
SU2BI,WAHLERN
SU2BJ,WALKRINGEN
SU2BK,WALLISWIL BEI NIEDERBIPP
SU2BL,WALLISWIL BEI WANGEN
SU2BM,WALPERSWIL
SU2BN,WALTERSWIL (BE)
SU2BO,WANGEN AN DER AARE
SU2BP,WANGENRIED
SU2BQ,WANZWIL
SU2BR,WATTENWIL
SU2BS,WENGI
SU2BT,WIEDLISBACH
SU2BU,WIGGISWIL
SU2BV,WILDERSWIL
SU2BW,WILER BEI UTZENSTORF
SU2BX,WILEROLTIGEN
SU2BY,WILLADINGEN
SU2BZ,WIMMIS
SU2C1,WOHLEN BEI BERN
SU2C2,WOLFISBERG
SU2C3,WORB
SU2C4,WORBEN
SU2C5,WYNAU
SU2C6,WYNIGEN
SU2C7,WYSSACHEN
SU2C8,ZAZIWIL
SU2C9,ZAUGGENRIED
SU2CA,ZIELEBACH
SU2CB,ZIMMERWALD
SU2CC,ZOLLIKOFEN
SU2CD,ZUZWIL
SU2CE,ZWEISIMMEN
SU2CF,ZWIESELBERG
SU2CG,WALD (BE)
SU2CH,WICHTRACH
SU311,ADLIGENSWIL
SU312,RICKENBACH (LU)
SU313,ALBERSWIL
SU314,ALTBERON
SU315,ALTISHOFEN
SU316,ALTWIS
SU317,BALLWIL
SU318,BEROMUNSTER
SU319,BUCHRAIN
SU31A,BUCHS (LU)
SU31B,BURON
SU31C,BUTTISHOLZ
SU31D,DAGMERSELLEN
SU31E,DIERIKON
SU31F,DOPPLESCHWAND
SU31G,EBERSECKEN
SU31H,EBIKON
SU31I,EGOLZWIL
SU31J,EICH
SU31K,EMMEN
SU31L,ENTLEBUCH
SU31M,ERMENSEE
SU31N,ESCHENBACH
SU31O,ESCHOLZMATT
SU31P,ETTISWIL
SU31Q,FISCHBACH
SU31R,FLUHLI
SU31S,GELFINGEN
SU31T,GETTNAU
SU31U,GEUENSEE
SU31V,GISIKON
SU31W,GREPPEN
SU31X,GROSSDIETWIL
SU31Y,GROSSWANGEN
SU31Z,GUNZWIL
SU321,HAMIKON
SU322,HASLE
SU323,HERGISWIL BEI WILLISAU
SU324,HERLISBERG
SU325,HILDISRIEDEN
SU326,HITZKIRCH
SU327,HOCHDORF
SU328,HOHENRAIN
SU329,HONAU
SU32A,HORW
SU32B,INWIL
SU32C,KNUTWIL
SU32D,KOTTWIL
SU32E,KRIENS
SU32F,KULMERAU
SU32G,LANGNAU BEI REIDEN
SU32H,LIELI
SU32I,LITTAU
SU32J,LUTHERN
SU32K,LUZERN
SU32L,MALTERS
SU32M,MARBACH
SU32N,MAUENSEE
SU32O,MEGGEN
SU32P,MEIERSKAPPEL
SU32Q,MENZNAU
SU32R,MOSEN
SU32S,MUSWANGEN
SU32T,NEBIKON
SU32U,NEUDORF
SU32V,NEUENKIRCH
SU32W,NOTTWIL
SU32X,OBERKIRCH
SU32Y,OHMSTAL
SU32Z,PFAFFNAU
SU331,PFEFFIKON
SU332,RAIN
SU333,REIDEN
SU334,RETSCHWIL
SU335,RICHENTHAL
SU336,AESCH (LU)
SU337,ROMERSWIL
SU338,ROGGLISWIL
SU339,ROMOOS
SU33A,ROOT
SU33B,ROTHENBURG
SU33C,RUSWIL
SU33D,SCHENKON
SU33E,SCHLIERBACH
SU33F,SCHOTZ
SU33G,SCHONGAU
SU33H,SCHUPFHEIM
SU33I,SCHWARZENBACH
SU33J,SCHWARZENBERG
SU33K,SEMPACH
SU33L,SULZ (LU)
SU33M,SURSEE
SU33N,TRIENGEN
SU33O,UDLIGENSWIL
SU33P,UFFIKON
SU33Q,UFHUSEN
SU33R,VITZNAU
SU33S,WAUWIL
SU33T,WEGGIS
SU33U,WERTHENSTEIN
SU33V,WIKON
SU33W,WILIHOF
SU33X,WILLISAU LAND
SU33Y,WILLISAU STADT
SU33Z,WINIKON
SU341,WOLHUSEN
SU342,ZELL (LU)
SU343,WILLISAU
SU411,AGRISWIL
SU412,ALBEUVE
SU413,ALTERSWIL
SU414,ARCONCIEL
SU415,ATTALENS
SU416,AUBORANGES
SU417,AUMONT
SU418,AUTAFOND
SU419,AUTAVAUX
SU41A,AUTIGNY
SU41B,AVRY DEVANT PONT
SU41C,AVRY SUR MATRAN
SU41D,BARBERECHE
SU41E,BAS VULLY
SU41F,BELFAUX
SU41G,BERLENS
SU41H,BESENCENS
SU41I,BILLENS HENNENS
SU41J,BIONNENS
SU41K,BOSINGEN
SU41L,BOLLION
SU41M,BONNEFONTAINE
SU41N,BOSSONNENS
SU41O,BOTTERENS
SU41P,BOULOZ
SU41Q,BROC
SU41R,BRUNISRIED
SU41S,BUCHSLEN
SU41T,BULLE
SU41U,BUSSY
SU41V,CERNIAT
SU41W,CHABLES
SU41X,CHAPELLE (BROYE)
SU41Y,CHAPELLE (GLANE)
SU41Z,CHARMEY
SU421,CHATEL SAINT DENIS
SU422,CHATEL SUR MONTSALVENS
SU423,CHATILLON (FR)
SU424,CHATONNAYE
SU425,CHAVANNES LES FORTS
SU426,CHAVANNES SOUS ORSON
SU427,CHEIRY
SU428,CHENENS
SU429,CHESOPELLOZ
SU42A,CHEYRES
SU42B,CORBIERES
SU42C,CORDAST
SU42D,CORJOLENS
SU42E,CORMAGENS
SU42G,CORMINBOEUF
SU42H,CORPATAUX MAGNEDENS
SU42J,CORSEREY
SU42K,COTTENS (FR)
SU42L,COURGEVAUX
SU42M,COURLEVON
SU42O,COURTAMAN
SU42P,COURTEPIN
SU42R,CRESSIER (FR)
SU42S,CRESUZ
SU42T,CUGY (FR)
SU42U,DELLEY
SU42V,DOMDIDIER
SU42W,DOMPIERRE (FR)
SU42X,DUDINGEN
SU42Y,ECHARLENS
SU42Z,ECUBLENS (FR)
SU431,ECUVILLENS
SU432,ENNEY
SU433,EPENDES (FR)
SU434,ESMONTS
SU435,ESSERT
SU436,ESTAVANNENS
SU437,ESTAVAYER LE GIBLOUX
SU438,ESTAVAYER LE LAC
SU439,ESTEVENENS
SU43A,FARVAGNY
SU43B,FERPICLOZ
SU43C,FETIGNY
SU43D,FIAUGERES
SU43E,FONT
SU43F,FOREL
SU43G,FRASCHELS
SU43H,FRASSES
SU43I,FRIBOURG
SU43J,GALMIZ
SU43K,GEMPENACH
SU43L,GIFFERS
SU43M,GILLARENS
SU43N,GIVISIEZ
SU43O,GLETTERENS
SU43P,GRANDVILLARD
SU43Q,GRANGES (VEVEYSE)
SU43R,GRANGES PACCOT
SU43S,GRANGES DE VESIN
SU43T,GRANGETTES
SU43U,GRATTAVACHE
SU43V,GRENG
SU43W,GROLLEY
SU43X,GRUYERES
SU43Y,GUMEFENS
SU43Z,GURMELS
SU441,GUSCHELMUTH
SU442,HAUT VULLY
SU443,HAUTEVILLE
SU444,HEITENRIED
SU446,JAUN
SU447,JEUSS
SU448,KERZERS
SU449,KLEINBOSINGEN
SU44B,LA CORBAZ
SU44C,LA JOUX
SU44D,LA MAGNE
SU44E,LA NEIRIGUE
SU44F,LA ROCHE
SU44G,LA TOUR DE TREME
SU44H,LE BRY
SU44I,LE CHATELARD
SU44J,LE CRET
SU44K,LE PAQUIER (FR)
SU44L,LECHELLES
SU44M,LENTIGNY
SU44N,LES ECASSEYS
SU44O,LESSOC
SU44P,LIEBISTORF
SU44Q,LIEFFRENS
SU44R,LOSSY FORMANGUEIRES
SU44S,LOVENS
SU44T,LULLY (FR)
SU44U,LURTIGEN
SU44V,LUSSY
SU44X,MANNENS GRANDSIVAZ
SU44Y,MARLY
SU44Z,MARSENS
SU451,MASSONNENS
SU452,MATRAN
SU453,MAULES
SU454,MENIERES
SU455,MEYRIEZ
SU456,MEZIERES (FR)
SU457,MIDDES
SU458,MISERY COURTION
SU45A,MONTAGNY (FR)
SU45B,MONTBOVON
SU45C,MONTBRELLOZ
SU45D,MONTET (BROYE)
SU45E,MONTET (GLANE)
SU45F,MONTEVRAZ
SU45G,MORENS
SU45H,MORLON
SU45I,MOSSEL
SU45J,MUNTELIER
SU45K,MURIST
SU45L,MURTEN
SU45M,NEIRIVUE
SU45N,NEYRUZ
SU45O,NOREAZ
SU45P,NUVILLY
SU45Q,OBERRIED
SU45R,OBERSCHROT
SU45S,ONNENS (FR)
SU45T,ORSONNENS
SU45U,PIERRAFORTSCHA
SU45V,PLAFFEIEN
SU45W,PLASSELB
SU45X,PONT (VEVEYSE)
SU45Y,PONT LA VILLE
SU45Z,PONTHAUX
SU461,PORSEL
SU462,PORTALBAN
SU463,POSIEUX
SU464,PRARATOUD
SU465,PRAROMAN
SU466,PREVONDAVAUX
SU467,PREZ VERS NOREAZ
SU468,PREZ VERS SIVIRIEZ
SU469,PROGENS
SU46A,PROMASENS
SU46B,RECHTHALTEN
SU46C,REMAUFENS
SU46D,RIAZ
SU46E,RIED BEI KERZERS
SU46F,ROMANENS
SU46G,ROMONT (FR)
SU46H,ROSSENS (FR)
SU46I,RUE
SU46J,RUEYRES SAINT LAUREN
SU46K,RUEYRES TREYFAYES
SU46L,RUEYRES LES PRES
SU46M,RUSSY
SU46N,SAINT AUBIN
SU46O,SAINT MARTIN (FR)
SU46P,SALES (GRUYERE)
SU46Q,SALVENACH
SU46R,SCHMITTEN
SU46S,SEIRY
SU46T,SEMSALES
SU46U,SENEDES
SU46V,SEVAZ
SU46W,SIVIRIEZ
SU46X,SOMMENTIER
SU46Y,SORENS
SU46Z,SAINT ANTONI
SU471,SAINT SILVESTER
SU472,SAINT URSEN
SU473,SURPIERRE
SU474,TAFERS
SU475,TENTLINGEN
SU476,TORNY
SU477,TREYVAUX
SU478,UEBERSTORF
SU479,ULMIZ
SU47A,URSY
SU47B,VALLON
SU47C,VAUDERENS
SU47D,VAULRUZ
SU47E,VESIN
SU47F,VILLARABOUD
SU47G,VILLARBENEY
SU47H,VILLAREPOS
SU47I,VILLARGIROUD
SU47J,VILLARIAZ
SU47K,VILLARIMBOUD
SU47L,VILLARLOD
SU47M,VILLARS SOUS MONT
SU47N,VILLARS SUR GLANE
SU47O,VILLARSEL LE GIBLOUX
SU47P,VILLARSEL SUR MARLY
SU47Q,VILLARSIVIRIAUX
SU47R,VILLARVOLARD
SU47S,VILLAZ SAINT PIERRE
SU47T,VILLENEUVE (FR)
SU47U,VUADENS
SU47V,VUARMARENS
SU47W,VUIPPENS
SU47X,VUISSENS
SU47Y,VUISTERNENS DEVANT ROMONT
SU47Z,VUISTERNENS EN OGOZ
SU481,WALLENBUCH
SU482,WALLENRIED
SU483,WUNNEWIL FLAMATT
SU484,ZENAUVA
SU485,ZUMHOLZ
SU486,AVRY
SU487,BAS-INTYAMON
SU488,DELLEY-PORTALBAN
SU489,HAUTERIVE (FR)
SU48A,HAUT-INTYAMON
SU48B,LA BRILLAZ
SU48C,LA FOLLIAZ
SU48D,LA SONNAZ
SU48F,LA VERRERIE
SU48G,LE FLON
SU48H,LE GLEBE
SU48I,LE MOURET
SU48J,LES MONTETS
SU48K,PONT EN OGOZ
SU48L,VILLORSONNENS
SU48M,VERNAY
SU491,BELMONT BROYE
SU511,AEDERMANNSDORF
SU512,AESCHI
SU513,AETIGKOFEN
SU514,AETINGEN
SU515,BARSCHWIL
SU516,BATTWIL
SU517,BALM BEI GUNSBERG
SU518,BALM BEI MESSEN
SU519,BALSTHAL
SU51A,BEINWIL (SO)
SU51B,BELLACH
SU51C,BETTLACH
SU51D,BIBERIST
SU51E,BIBERN
SU51F,BIEZWIL
SU51G,BOLKEN
SU51H,BONINGEN
SU51I,BREITENBACH
SU51J,BRUGGLEN
SU51K,BRUNNENTHAL
SU51L,BUREN
SU51M,BUSSERACH
SU51N,DANIKEN
SU51O,DEITINGEN
SU51P,DERENDINGEN
SU51Q,DORNACH
SU51R,DULLIKEN
SU51S,EGERKINGEN
SU51T,EPPENBERG WOSCHNAU
SU51U,ERSCHWIL
SU51V,ETZIKEN
SU51W,FEHREN
SU51X,FELDBRUNNEN SAINT NIKLAUS
SU51Y,FLUMENTHAL
SU51Z,FULENBACH
SU521,GANSBRUNNEN
SU522,GEMPEN
SU523,GERLAFINGEN
SU524,GOSSLIWIL
SU525,GRENCHEN
SU526,GRETZENBACH
SU527,GRINDEL
SU528,GUNSBERG
SU529,GUNZGEN
SU52A,HAGENDORF
SU52B,HARKINGEN
SU52C,HALTEN
SU52D,HAUENSTEIN IFENTHAL
SU52E,HEINRICHSWIL WINISTORF
SU52F,HERBETSWIL
SU52G,HERSIWIL
SU52H,HESSIGKOFEN
SU52I,HIMMELRIED
SU52J,HOCHWALD
SU52K,HOFSTETTEN FLUH
SU52L,HOLDERBANK (SO)
SU52M,HORRIWIL
SU52N,HUBERSDORF
SU52O,HUNIKEN
SU52P,KAMMERSROHR
SU52Q,KAPPEL (SO)
SU52R,KESTENHOLZ
SU52S,KIENBERG
SU52T,KLEINLUTZEL
SU52U,KRIEGSTETTEN
SU52V,KUTTIGKOFEN
SU52W,KYBURG BUCHEGG
SU52X,LANGENDORF
SU52Y,LAUPERSDORF
SU52Z,LOHN AMMANNSEGG
SU531,LOMMISWIL
SU532,LOSTORF
SU533,LUSSLINGEN
SU534,LUTERKOFEN ICHERTSWIL
SU535,LUTERSWIL GACHLIWIL
SU536,LUTERBACH
SU537,MATZENDORF
SU538,MELTINGEN
SU539,MESSEN
SU53A,METZERLEN MARIASTEIN
SU53B,MUHLEDORF (SO)
SU53C,MUMLISWIL RAMISWIL
SU53D,NENNIGKOFEN
SU53E,NEUENDORF
SU53F,NIEDERBUCHSITEN
SU53G,NIEDERERLINSBACH
SU53H,NIEDERGOSGEN
SU53I,NIEDERWIL (SO)
SU53J,NUGLAR SAINT PANTALEON
SU53K,NUNNINGEN
SU53L,OBERBUCHSITEN
SU53M,RICKENBACH (SO)
SU53N,OBERERLINSBACH
SU53O,OBERGERLAFINGEN
SU53P,OBERGOSGEN
SU53Q,OBERRAMSERN
SU53R,OEKINGEN
SU53S,OENSINGEN
SU53T,OLTEN
SU53U,RECHERSWIL
SU53W,RIEDHOLZ
SU53X,RODERSDORF
SU53Y,ROHR (SO)
SU53Z,RUTTENEN
SU541,SCHNOTTWIL
SU542,SCHONENWERD
SU543,SEEWEN
SU544,SELZACH
SU545,SOLOTHURN
SU546,STARRKIRCH WIL
SU547,STEINHOF
SU548,STUSSLINGEN
SU549,SUBINGEN
SU54A,TRIMBACH
SU54B,TSCHEPPACH
SU54C,UNTERRAMSERN
SU54D,WALTERSWIL (SO)
SU54E,WANGEN BEI OLTEN
SU54F,WELSCHENROHR
SU54G,WINZNAU
SU54H,WISEN
SU54I,WITTERSWIL
SU54J,WOLFWIL
SU54K,ZUCHWIL
SU54L,ZULLWIL
SU54M,OBERDORF (SO)
SU54N,ERLINSBACH (SO)
SU611,BALE
SU612,BETTINGEN
SU613,RIEHEN
SU711,AESCH (BL)
SU712,ALLSCHWIL
SU713,ANWIL
SU714,ARBOLDSWIL
SU715,ARISDORF
SU716,ARLESHEIM
SU717,AUGST
SU718,BENNWIL
SU719,BIEL BENKEN
SU71A,BINNINGEN
SU71B,BIRSFELDEN
SU71C,BLAUEN
SU71D,BOCKTEN
SU71E,BOTTMINGEN
SU71F,BRETZWIL
SU71G,BRISLACH
SU71H,BUBENDORF
SU71I,BUCKTEN
SU71J,BURG IM LEIMENTAL
SU71K,BUUS
SU71L,DIEGTEN
SU71M,DIEPFLINGEN
SU71N,DITTINGEN
SU71O,DUGGINGEN
SU71P,EPTINGEN
SU71Q,ETTINGEN
SU71R,FRENKENDORF
SU71S,FULLINSDORF
SU71T,GELTERKINDEN
SU71U,GIEBENACH
SU71V,GRELLINGEN
SU71W,HAFELFINGEN
SU71X,HEMMIKEN
SU71Y,HERSBERG
SU71Z,HOLSTEIN
SU721,ITINGEN
SU722,KANERKINDEN
SU723,KILCHBERG (BL)
SU724,LAUFELFINGEN
SU725,LAMPENBERG
SU726,LANGENBRUCK
SU727,LAUFEN
SU728,LAUSEN
SU729,LAUWIL
SU72A,LIEDERTSWIL
SU72B,LIESBERG
SU72C,LIESTAL
SU72D,LUPSINGEN
SU72E,MAISPRACH
SU72F,MUNCHENSTEIN
SU72G,MUTTENZ
SU72H,NENZLINGEN
SU72I,NIEDERDORF
SU72J,NUSSHOF
SU72K,OBERDORF (BL)
SU72L,OBERWIL
SU72M,OLTINGEN
SU72N,ORMALINGEN
SU72O,PFEFFINGEN
SU72P,PRATTELN
SU72Q,RAMLINSBURG
SU72R,REIGOLDSWIL
SU72S,REINACH (BL)
SU72T,RICKENBACH (BL)
SU72U,ROSCHENZ
SU72V,ROGGENBURG
SU72W,ROTHENFLUH
SU72X,RUMLINGEN
SU72Y,RUNENBERG
SU72Z,SCHONENBUCH
SU731,SELTISBERG
SU732,SISSACH
SU733,TECKNAU
SU734,TENNIKEN
SU735,THERWIL
SU736,THURNEN
SU737,TITTERTEN
SU738,WAHLEN
SU739,WALDENBURG
SU73A,WENSLINGEN
SU73B,WINTERSINGEN
SU73C,WITTINSBURG
SU73D,ZEGLINGEN
SU73E,ZIEFEN
SU73F,ZUNZGEN
SU73G,ZWINGEN
SU811,AARAU
SU812,AARBURG
SU813,ABTWIL
SU814,AMMERSWIL
SU815,ARISTAU
SU816,ARNI (AG)
SU817,ATTELWIL
SU818,AUENSTEIN
SU819,AUW
SU81A,BADEN
SU81B,BALDINGEN
SU81C,BEINWIL (FREIAMT)
SU81D,BEINWIL AM SEE
SU81E,BELLIKON
SU81F,BENZENSCHWIL
SU81G,BERGDIETIKON
SU81H,BERIKON
SU81I,BESENBUREN
SU81J,BETTWIL
SU81K,BIBERSTEIN
SU81L,BIRMENSTORF
SU81M,BIRR
SU81N,BIRRHARD
SU81O,BIRRWIL
SU81P,BOBIKON
SU81Q,BOTTSTEIN
SU81R,BOZEN
SU81S,BONISWIL
SU81T,BOSWIL
SU81U,BOTTENWIL
SU81V,BREMGARTEN
SU81W,BRITTNAU
SU81X,BRUGG (AG)
SU81Y,BRUNEGG
SU81Z,BUCHS (AG)
SU821,BUNZEN
SU822,BUTTIKON
SU823,BURG
SU824,BUTTWIL
SU825,DENSBUREN
SU826,DIETWIL
SU827,DINTIKON
SU828,DOTTINGEN
SU829,DOTTIKON
SU82A,DURRENASCH
SU82B,EFFINGEN
SU82C,EGGENWIL
SU82D,EGLISWIL
SU82E,EIKEN
SU82F,ELFINGEN
SU82G,ENDINGEN
SU82H,ENNETBADEN
SU82I,ERLINSBACH
SU82J,ETZGEN
SU82K,FAHRWANGEN
SU82L,FISCHBACH GOSLIKON
SU82M,FISIBACH
SU82N,FISLISBACH
SU82O,FREIENWIL
SU82P,FRICK
SU82Q,FULL REUENTHAL
SU82R,GALLENKIRCH
SU82S,GANSINGEN
SU82T,GEBENSTORF
SU82U,GELTWIL
SU82V,GIPF OBERFRICK
SU82W,GONTENSCHWIL
SU82X,GRANICHEN
SU82Y,HABSBURG
SU82Z,HAGGLINGEN
SU831,HALLWIL
SU832,HAUSEN BEI BRUGG
SU833,HELLIKON
SU834,HENDSCHIKEN
SU835,HERMETSCHWIL STAFFELN
SU836,HERZNACH
SU837,HILFIKON
SU838,HIRSCHTHAL
SU839,HOLDERBANK (AG)
SU83A,HOLZIKEN
SU83B,HORNUSSEN
SU83C,HOTTWIL
SU83D,HUNZENSCHWIL
SU83E,ISLISBERG
SU83F,ITTENTHAL
SU83G,JONEN
SU83H,KAISERAUGST
SU83I,KAISERSTUHL
SU83J,KAISTEN
SU83K,KALLERN
SU83L,KILLWANGEN
SU83M,KIRCHLEERAU
SU83N,KLINGNAU
SU83O,KOBLENZ
SU83P,KOLLIKEN
SU83Q,KUNTEN
SU83R,KUTTIGEN
SU83S,LAUFENBURG
SU83T,LEIBSTADT
SU83U,LEIMBACH
SU83V,LENGNAU (AG)
SU83W,LENZBURG
SU83X,LEUGGERN
SU83Y,LEUTWIL
SU83Z,LINN
SU841,LUPFIG
SU842,MAGENWIL
SU843,MAGDEN
SU844,MANDACH
SU845,MEISTERSCHWANDEN
SU846,MELLIKON
SU847,MELLINGEN
SU848,MENZIKEN
SU849,MERENSCHWAND
SU84A,METTAU
SU84B,MOHLIN
SU84C,MONTHAL
SU84D,MORIKEN WILDEGG
SU84E,MOOSLEERAU
SU84F,MUHLAU
SU84G,MUHLETHAL
SU84H,MULLIGEN
SU84I,MUNCHWILEN
SU84J,MUHEN
SU84K,MUMPF
SU84L,MURGENTHAL
SU84M,MURI
SU84N,NEUENHOF
SU84O,NIEDERLENZ
SU84P,NIEDERROHRDORF
SU84Q,NIEDERWIL (AG)
SU84R,OBERBOZBERG
SU84S,OBEREHRENDINGEN
SU84T,OBERENTFELDEN
SU84U,OBERFLACHS
SU84V,OBERHOF
SU84W,OBERHOFEN
SU84X,OBERKULM
SU84Y,OBERLUNKHOFEN
SU84Z,OBERMUMPF
SU851,OBERROHRDORF
SU852,OBERRUTI
SU853,OBERSIGGENTHAL
SU854,OBERWIL LIELI
SU855,OESCHGEN
SU856,OFTRINGEN
SU857,OLSBERG
SU858,OTHMARSINGEN
SU859,REINACH (AG)
SU85A,REITNAU
SU85B,REKINGEN
SU85C,REMETSCHWIL
SU85D,REMIGEN
SU85E,RHEINFELDEN
SU85F,RIETHEIM
SU85G,RINIKEN
SU85H,ROHR (AG)
SU85I,ROTHRIST
SU85J,ROTTENSCHWIL
SU85K,RUDOLFSTETTEN FRIEDLISBERG
SU85L,RUFENACH
SU85M,RUMIKON
SU85N,RUPPERSWIL
SU85O,SAFENWIL
SU85P,SARMENSTORF
SU85Q,SCHAFISHEIM
SU85R,SCHERZ
SU85S,SCHINZNACH BAD
SU85T,SCHINZNACH DORF
SU85U,SCHLOSSRUED
SU85V,SCHMIEDRUED
SU85W,SCHNEISINGEN
SU85X,SCHOFTLAND
SU85Y,SCHUPFART
SU85Z,SCHWADERLOCH
SU861,SEENGEN
SU862,SEON
SU863,SIGLISTORF
SU864,SINS
SU865,SISSELN
SU866,SPREITENBACH
SU867,STAFFELBACH
SU868,STAUFEN
SU869,STEIN
SU86A,STETTEN
SU86B,STILLI
SU86C,STRENGELBACH
SU86D,SUHR
SU86E,SULZ (AG)
SU86F,TAGERIG
SU86G,TEGERFELDEN
SU86H,TEUFENTHAL
SU86I,THALHEIM
SU86J,TURGI
SU86K,UEKEN
SU86L,UERKHEIM
SU86M,UEZWIL
SU86N,UMIKEN
SU86O,UNTERBOZBERG
SU86P,UNTEREHRENDINGEN
SU86Q,UNTERENDINGEN
SU86R,UNTERENTFELDEN
SU86S,UNTERKULM
SU86T,UNTERLUNKHOFEN
SU86U,UNTERSIGGENTHAL
SU86V,VELTHEIM
SU86W,VILLIGEN
SU86X,VILLMERGEN
SU86Y,VILLNACHERN
SU86Z,VORDEMWALD
SU871,WALLBACH
SU872,WALTENSCHWIL
SU873,WEGENSTETTEN
SU874,WETTINGEN
SU875,WIDEN
SU876,WIL (AG)
SU877,WILIBERG
SU878,WINDISCH
SU879,WISLIKOFEN
SU87A,WITTNAU
SU87B,WOLFLINSWIL
SU87C,WOHLEN
SU87D,WOHLENSCHWIL
SU87E,WURENLINGEN
SU87F,WURENLOS
SU87G,ZEIHEN
SU87H,ZEININGEN
SU87I,ZETZWIL
SU87J,ZOFINGEN
SU87K,ZUFIKON
SU87L,ZURZACH
SU87M,ZUZGEN
SU87N,EHRENDINGEN
SU881,BOZBERG
SU911,ACLENS
SU912,AGIEZ
SU913,AIGLE
SU914,ALLAMAN
SU915,APPLES
SU916,ARNEX SUR NYON
SU917,ARNEX SUR ORBE
SU918,ARRISSOULES
SU919,ARZIER
SU91A,ASSENS
SU91B,AUBONNE
SU91C,AVENCHES
SU91D,BALLAIGUES
SU91E,BALLENS
SU91F,BASSINS
SU91G,BAULMES
SU91H,BAVOIS
SU91I,BEGNINS
SU91J,BELLERIVE
SU91K,BELMONT SUR LAUSANNE
SU91L,BELMONT SUR YVERDON
SU91M,BERCHER
SU91N,BEROLLE
SU91O,BETTENS
SU91P,BEX
SU91Q,BIERE
SU91R,BIOLEY MAGNOUX
SU91S,BIOLEY ORJULAZ
SU91T,BLONAY
SU91U,BOFFLENS
SU91V,BOGIS BOSSEY
SU91W,BONVILLARS
SU91X,BOREX
SU91Y,BOTTENS
SU91Z,BOUGY VILLARS
SU921,BOULENS
SU922,BOURNENS
SU923,BOUSSENS
SU924,BREMBLENS
SU925,BRENLES
SU926,BRETIGNY SUR MORRENS
SU927,BRETONNIERES
SU928,BUCHILLON
SU929,BULLET
SU92A,BURSINEL
SU92B,BURSINS
SU92C,BURTIGNY
SU92D,BUSSIGNY PRES LAUSANNE
SU92E,BUSSIGNY SUR ORON
SU92F,BUSSY CHARDONNEY
SU92G,BUSSY SUR MOUDON
SU92H,CARROUGE
SU92I,CERNIAZ
SU92J,CHABREY
SU92K,CHAMBLON
SU92L,CHAMPAGNE
SU92M,CHAMPMARTIN
SU92N,CHAMPTAUROZ
SU92O,CHAMPVENT
SU92P,CHANEAZ
SU92Q,CHAPELLE SUR MOUDON
SU92R,CHARDONNE
SU92S,CHATEAU D OEX
SU92T,CHATILLENS
SU92U,CHAVANNES DE BOGIS
SU92V,CHAVANNES DES BOIS
SU92W,CHAVANNES LE CHENE
SU92X,CHAVANNES LE VEYRON
SU92Y,CHAVANNES PRES RENENS
SU92Z,CHAVANNES SUR MOUDON
SU931,CHAVORNAY
SU932,CHENE PAQUIER
SU933,CHESALLES SUR MOUDON
SU934,CHESALLES SUR ORON
SU935,CHESEAUX NOREAZ
SU936,CHESEAUX SUR LAUSANNE
SU937,CHESEREX
SU938,CHESSEL
SU939,CHEVILLY
SU93A,CHEVROUX
SU93B,CHEXBRES
SU93C,CHIGNY
SU93D,CLARMONT
SU93E,COINSINS
SU93F,COLOMBIER (VD)
SU93G,COMBREMONT LE GRAND
SU93H,COMBREMONT LE PETIT
SU93I,COMMUGNY
SU93J,CONCISE
SU93K,CONSTANTINE
SU93L,COPPET
SU93M,CORBEYRIER
SU93N,CORCELLES LE JORAT
SU93O,CORCELLES PRES CONCISE
SU93P,CORCELLES PRES PAYERNE
SU93Q,CORCELLES SUR CHAVORNAY
SU93R,CORREVON
SU93S,CORSEAUX
SU93T,CORSIER SUR VEVEY
SU93U,COSSONAY
SU93V,COTTENS (VD)
SU93W,CRANS PRES CELIGNY
SU93X,CRASSIER
SU93Y,CREMIN
SU93Z,CRISSIER
SU941,CRONAY
SU942,CROY
SU943,CUARNENS
SU944,CUARNY
SU945,CUDREFIN
SU946,CUGY (VD)
SU947,CULLY
SU948,CURTILLES
SU949,DAILLENS
SU94A,DEMORET
SU94B,DENENS
SU94C,DENEZY
SU94D,DENGES
SU94E,DIZY
SU94F,DOMMARTIN
SU94G,DOMPIERRE (VD)
SU94H,DONATYRE
SU94I,DONNELOYE
SU94J,DUILLIER
SU94K,DULLY
SU94L,ECHALLENS
SU94M,ECHANDENS
SU94N,ECHICHENS
SU94O,ECLAGNENS
SU94P,ECLEPENS
SU94Q,ECOTEAUX
SU94R,ECUBLENS (VD)
SU94S,EPALINGES
SU94T,EPENDES (VD)
SU94U,EPESSES
SU94V,ESSERT PITTET
SU94W,ESSERT SOUS CHAMPVENT
SU94X,ESSERTES
SU94Y,ESSERTINES SUR ROLLE
SU94Z,ESSERTINES SUR YVERDON
SU951,ETAGNIERES
SU952,ETOY
SU953,EYSINS
SU954,FAOUG
SU955,FECHY
SU956,FERLENS
SU957,FERREYRES
SU958,FEY
SU959,FIEZ
SU95A,FONTAINES SUR GRANDSON
SU95B,FONTANEZIER
SU95C,FOREL (LAVAUX)
SU95D,FOREL SUR LUCENS
SU95E,FOUNEX
SU95F,FROIDEVILLE
SU95G,GENOLIER
SU95H,GIEZ
SU95I,GILLY
SU95J,GIMEL
SU95K,GINGINS
SU95L,GIVRINS
SU95M,GLAND
SU95N,GOLLION
SU95O,GOSSENS
SU95P,GOUMOENS LA VILLE
SU95Q,GOUMOENS LE JUX
SU95R,GRANCY
SU95S,GRANDCOUR
SU95T,GRANDEVENT
SU95U,GRANDSON
SU95V,GRANDVAUX
SU95W,GRANGES PRES MARNAND
SU95X,GRENS
SU95Y,GRESSY
SU95Z,GRYON
SU961,HENNIEZ
SU962,HERMENCHES
SU963,JONGNY
SU964,JOUXTENS MEZERY
SU965,JURIENS
SU966,L ABBAYE
SU967,L ABERGEMENT
SU968,L ISLE
SU969,LA CHAUX (COSSONAY)
SU96A,LA PRAZ
SU96B,LA RIPPE
SU96C,LA ROGIVUE
SU96D,LA SARRAZ
SU96E,LA TOUR DE PEILZ
SU96F,LAUSANNE
SU96G,LAVEY MORCLES
SU96H,LAVIGNY
SU96I,LE CHENIT
SU96J,LE LIEU
SU96K,LE MONT SUR LAUSANNE
SU96L,LE VAUD
SU96M,LES CLEES
SU96N,LES CULLAYES
SU96O,LES TAVERNES
SU96P,LES THIOLEYRES
SU96Q,LEYSIN
SU96R,LIGNEROLLE
SU96S,LONAY
SU96T,LONGIROD
SU96U,LOVATENS
SU96V,LUCENS
SU96W,LUINS
SU96X,LULLY (VD)
SU96Y,LUSSERY VILLARS
SU96Z,LUSSY SUR MORGES
SU971,LUTRY
SU972,MALAPALUD
SU973,MARACON
SU974,MARCHISSY
SU975,MARNAND
SU976,MARTHERENGES
SU977,MATHOD
SU978,MAUBORGET
SU979,MAURAZ
SU97A,MEX (VD)
SU97B,MEZERY PRES DONNELOYE
SU97C,MEZIERES (VD)
SU97D,MIES
SU97E,MISSY
SU97F,MOIRY
SU97G,MOLLENS (VD)
SU97H,MOLONDIN
SU97I,MONNAZ
SU97J,MONT LA VILLE
SU97K,MONT SUR ROLLE
SU97L,MONTAGNY PRES YVERDON
SU97M,MONTAUBION CHARDONNEY
SU97N,MONTCHERAND
SU97O,MONTHEROD
SU97P,MONTMAGNY
SU97Q,MONTPREVEYRES
SU97R,MONTREUX
SU97S,MONTRICHER
SU97T,MORGES
SU97U,MORRENS
SU97V,MOUDON
SU97W,MUR
SU97X,MUTRUX
SU97Y,NAZ
SU97Z,NEYRUZ SUR MOUDON
SU981,NOVALLES
SU982,NOVILLE
SU983,NYON
SU984,OGENS
SU985,OLEYRES
SU986,OLLON
SU987,ONNENS (VD)
SU988,OPPENS
SU989,ORBE
SU98A,ORGES
SU98B,ORMONT DESSOUS
SU98C,ORMONT DESSUS
SU98D,ORNY
SU98E,ORON LA VILLE
SU98F,ORON LE CHATEL
SU98G,ORZENS
SU98H,OULENS SOUS ECHALLENS
SU98I,OULENS SUR LUCENS
SU98J,PAILLY
SU98K,PALEZIEUX
SU98L,PAMPIGNY
SU98M,PAUDEX
SU98N,PAYERNE
SU98O,PENEY LE JORAT
SU98P,PENTHALAZ
SU98Q,PENTHAZ
SU98R,PENTHEREAZ
SU98S,PERROY
SU98T,PEYRES POSSENS
SU98U,PIZY
SU98V,POLIEZ PITTET
SU98W,POLIEZ LE GRAND
SU98X,POMPAPLES
SU98Y,POMY
SU98Z,PRAHINS
SU991,PRANGINS
SU992,PREMIER
SU993,PREVERENGES
SU994,PREVONLOUP
SU995,PRILLY
SU996,PROVENCE
SU997,PUIDOUX
SU998,PULLY
SU999,RANCES
SU99A,RENENS
SU99B,RENNAZ
SU99C,REVEROLLE
SU99D,RIEX
SU99E,RIVAZ
SU99F,ROCHE
SU99G,ROLLE
SU99H,ROMAINMOTIER ENVY
SU99I,ROMAIRON
SU99J,ROMANEL SUR LAUSANNE
SU99K,ROMANEL SUR MORGES
SU99L,ROPRAZ
SU99M,ROSSENGES
SU99N,ROSSENS (VD)
SU99O,ROSSINIERE
SU99P,ROUGEMONT
SU99Q,ROVRAY
SU99R,RUEYRES
SU99S,SAINT BARTHELEMY
SU99T,SAINT CERGUE
SU99U,SAINT CIERGES
SU99V,SAINT GEORGE
SU99W,SAINT LEGIER LA CHIESAZ
SU99X,SAINT LIVRES
SU99Y,SAINT OYENS
SU99Z,SAINT PREX
SU9A1,SAINT SAPHORIN (LAVAUX)
SU9A2,SAINT SAPHORIN SUR MORGES
SU9A3,SAINT SULPICE (VD)
SU9A4,SAINTE CROIX
SU9A5,SARZENS
SU9A6,SASSEL
SU9A7,SAUBRAZ
SU9A8,SAVIGNY
SU9A9,SEDEILLES
SU9AA,SEIGNEUX
SU9AB,SENARCLENS
SU9AC,SERGEY
SU9AD,SERVION
SU9AE,SEVERY
SU9AF,SIGNY AVENEX
SU9AG,SOTTENS
SU9AH,SUCHY
SU9AI,SUGNENS
SU9AJ,SULLENS
SU9AK,SUSCEVAZ
SU9AL,SYENS
SU9AM,TANNAY
SU9AN,TARTEGNIN
SU9AO,THIERRENS
SU9AP,TOLOCHENAZ
SU9AQ,TRELEX
SU9AR,TREY
SU9AS,TREYCOVAGNES
SU9AT,TREYTORRENS (PAYERNE)
SU9AU,URSINS
SU9AV,VALEYRES SOUS MONTAGNY
SU9AW,VALEYRES SOUS RANCES
SU9AX,VALEYRES SOUS URSINS
SU9AY,VALLAMAND
SU9AZ,VALLORBE
SU9B1,VAUGONDRY
SU9B2,VAULION
SU9B3,VAUX SUR MORGES
SU9B4,VEVEY
SU9B5,VEYTAUX
SU9B6,VICH
SU9B7,VILLARS BRAMARD
SU9B8,VILLARS BURQUIN
SU9B9,VILLARS EPENEY
SU9BB,VILLARS MENDRAZ
SU9BC,VILLARS SAINTE CROIX
SU9BD,VILLARS TIERCELIN
SU9BE,VILLARS LE COMTE
SU9BF,VILLARS LE GRAND
SU9BG,VILLARS LE TERROIR
SU9BH,VILLARS SOUS CHAMPVENT
SU9BI,VILLARS SOUS YENS
SU9BJ,VILLARZEL
SU9BK,VILLENEUVE (VD)
SU9BL,VILLETTE (LAVAUX)
SU9BM,VINZEL
SU9BN,VUARRENS
SU9BO,VUCHERENS
SU9BP,VUFFLENS LA VILLE
SU9BQ,VUFFLENS LE CHATEAU
SU9BR,VUGELLES LA MOTHE
SU9BS,VUIBROYE
SU9BT,VUITEBOEUF
SU9BU,VULLIENS
SU9BV,VULLIERENS
SU9BW,YENS
SU9BX,YVERDON LES BAINS
SU9BY,YVONAND
SU9BZ,YVORNE
SU9C1,BOURG EN LAVAUX
SUA11,AGARN
SUA12,ALBINEN
SUA13,ARBAZ
SUA14,ARDON
SUA15,AUSSERBERG
SUA16,AUSSERBINN
SUA17,AYENT
SUA18,AYER
SUA19,BAGNES
SUA1A,BALTSCHIEDER
SUA1B,BELLWALD
SUA1C,BETTEN
SUA1E,BINN
SUA1F,BIRGISCH
SUA1G,BISTER
SUA1H,BITSCH
SUA1I,BLATTEN
SUA1J,BLITZINGEN
SUA1K,BOURG SAINT PIERRE
SUA1L,BOVERNIER
SUA1M,BRATSCH
SUA1N,BRIG GLIS
SUA1O,BURCHEN
SUA1P,CHALAIS
SUA1Q,CHAMOSON
SUA1R,CHAMPERY
SUA1S,CHANDOLIN
SUA1T,CHARRAT
SUA1U,CHERMIGNON
SUA1V,CHIPPIS
SUA1W,COLLOMBEY MURAZ
SUA1X,COLLONGES
SUA1Y,CONTHEY
SUA1Z,DORENAZ
SUA21,EGGERBERG
SUA22,EISCHOLL
SUA23,EISTEN
SUA24,EMBD
SUA25,ERGISCH
SUA26,ERNEN
SUA27,ERSCHMATT
SUA28,EVIONNAZ
SUA29,EVOLENE
SUA2A,FERDEN
SUA2C,FIESCH
SUA2D,FIESCHERTAL
SUA2E,FILET
SUA2F,FINHAUT
SUA2G,FULLY
SUA2H,GAMPEL
SUA2I,GESCHINEN
SUA2J,GLURINGEN
SUA2K,GOPPISBERG
SUA2L,GRACHEN
SUA2M,GREICH
SUA2N,GRENGIOLS
SUA2O,GRIMENTZ
SUA2P,GRIMISUAT
SUA2Q,GRONE
SUA2R,GUTTET FESCHEL
SUA2S,HEREMENCE
SUA2T,HOHTENN
SUA2U,ICOGNE
SUA2V,INDEN
SUA2W,ISERABLES
SUA2X,KIPPEL
SUA2Y,LALDEN
SUA2Z,LAX
SUA31,LENS
SUA32,LES AGETTES
SUA33,LEUK
SUA34,LEUKERBAD
SUA35,LEYTRON
SUA36,LIDDES
SUA37,MARTIGNY
SUA38,MARTIGNY COMBE
SUA39,MARTISBERG
SUA3A,MASE
SUA3B,MASSONGEX
SUA3C,MEX (VS)
SUA3D,MIEGE
SUA3E,MOREL
SUA3F,MOLLENS (VS)
SUA3G,MONTANA
SUA3H,MONTHEY
SUA3I,MUHLEBACH
SUA3J,MUNSTER GESCHINEN
SUA3K,MUND
SUA3L,NATERS
SUA3M,NAX
SUA3N,NENDAZ
SUA3O,NIEDERGESTELN
SUA3P,NIEDERWALD
SUA3Q,OBEREMS
SUA3R,OBERGESTELN
SUA3S,OBERWALD
SUA3T,ORSIERES
SUA3U,PORT VALAIS
SUA3V,RANDA
SUA3W,RANDOGNE
SUA3X,RARON
SUA3Y,RECKINGEN GLURINGEN
SUA3Z,RIDDES
SUA41,RIED BRIG
SUA42,RIED MOREL
SUA44,SAAS ALMAGELL
SUA45,SAAS BALEN
SUA46,SAAS FEE
SUA47,SAAS GRUND
SUA48,SAILLON
SUA49,SAINT GINGOLPH
SUA4A,SAINT JEAN
SUA4B,SAINT LEONARD
SUA4C,SAINT LUC
SUA4D,SAINT MARTIN (VS)
SUA4E,SAINT MAURICE
SUA4F,SALGESCH
SUA4G,SALINS
SUA4H,SALVAN
SUA4I,SAVIESE
SUA4J,SAXON
SUA4L,SEMBRANCHER
SUA4M,SIERRE
SUA4N,SIMPLON
SUA4O,SION
SUA4P,SAINT NIKLAUS
SUA4Q,STALDEN
SUA4R,STALDENRIED
SUA4S,STEG
SUA4T,STEINHAUS
SUA4U,TASCH
SUA4V,TERMEN
SUA4W,TORBEL
SUA4X,TRIENT
SUA4Y,TROISTORRENTS
SUA4Z,TURTMANN
SUA51,ULRICHEN
SUA52,UNTERBACH
SUA53,UNTEREMS
SUA54,VAL D ILLIEZ
SUA55,VAREN
SUA56,VENTHONE
SUA57,VERNAMIEGE
SUA58,VERNAYAZ
SUA59,VEROSSAZ
SUA5A,VETROZ
SUA5B,VEX
SUA5C,VEYRAS
SUA5D,VEYSONNAZ
SUA5E,VIONNAZ
SUA5F,VISP
SUA5G,VISPERTERMINEN
SUA5H,VISSOIE
SUA5I,VOLLEGES
SUA5J,VOUVRY
SUA5K,WILER (LOTSCHEN)
SUA5L,ZENEGGEN
SUA5M,ZERMATT
SUA5N,ZWISCHBERGEN
SUA5O,GRAFSCHAFT
SUA5P,RIEDERALP
SUB11,AUVERNIER
SUB12,BEVAIX
SUB13,BOLE
SUB14,BOUDEVILLIERS
SUB15,BOUDRY
SUB16,BOVERESSE
SUB17,BROT DESSOUS
SUB18,BROT PLAMBOZ
SUB19,BUTTES
SUB1A,CERNIER
SUB1B,CHEZARD SAINT MARTIN
SUB1C,COFFRANE
SUB1D,COLOMBIER (NE)
SUB1E,CORCELLES CORMONDRECHE
SUB1F,CORNAUX
SUB1G,CORTAILLOD
SUB1H,COUVET
SUB1I,CRESSIER (NE)
SUB1J,DOMBRESSON
SUB1K,ENGES
SUB1L,ENGOLLON
SUB1M,FENIN VILARS SAULES
SUB1N,FLEURIER
SUB1O,FONTAINEMELON
SUB1P,FONTAINES
SUB1Q,FRESENS
SUB1R,GORGIER
SUB1S,HAUTERIVE (NE)
SUB1T,LA BREVINE
SUB1U,LA CHAUX DE FONDS
SUB1V,LA CHAUX DU MILIEU
SUB1W,LA COTE AUX FEES
SUB1X,LA SAGNE
SUB1Y,LE CERNEUX PEQUIGNOT
SUB1Z,LE LANDERON
SUB21,LE LOCLE
SUB22,LE PAQUIER (NE)
SUB23,LES BAYARDS
SUB24,LES BRENETS
SUB25,LES GENEVEYS SUR COFFRANE
SUB26,LES HAUTS GENEVEYS
SUB27,LES PLANCHETTES
SUB28,LES PONTS DE MARTEL
SUB29,LES VERRIERES
SUB2A,LIGNIERES
SUB2B,MARIN EPAGNIER
SUB2C,MONTALCHEZ
SUB2D,MONTMOLLIN
SUB2E,MOTIERS
SUB2F,NEUCHATEL
SUB2G,NOIRAIGUE
SUB2H,PESEUX
SUB2I,ROCHEFORT
SUB2J,SAINT AUBIN SAUGES
SUB2K,SAINT BLAISE
SUB2L,SAINT SULPICE (NE)
SUB2M,SAVAGNIER
SUB2N,THIELLE WAVRE
SUB2O,TRAVERS
SUB2P,VALANGIN
SUB2Q,VAUMARCUS
SUB2R,VILLIERS
SUB32,MILVIGNES
SUB34,VAL DE TRAVERS
SUC11,AIRE LA VILLE
SUC12,ANIERES
SUC13,AVULLY
SUC14,AVUSY
SUC15,BARDONNEX
SUC16,BELLEVUE
SUC17,BERNEX
SUC18,CAROUGE
SUC19,CARTIGNY
SUC1A,CELIGNY
SUC1B,CHANCY
SUC1C,CHENE BOUGERIES
SUC1D,CHENE BOURG
SUC1E,CHOULEX
SUC1F,COLLEX BOSSY
SUC1G,COLLONGE BELLERIVE
SUC1H,COLOGNY
SUC1I,CONFIGNON
SUC1J,CORSIER
SUC1K,DARDAGNY
SUC1L,GENEVE
SUC1M,GENTHOD
SUC1N,GY
SUC1O,HERMANCE
SUC1P,JUSSY
SUC1Q,LACONNEX
SUC1R,LANCY
SUC1S,LE GRAND SACONNEX
SUC1T,MEINIER
SUC1U,MEYRIN
SUC1V,ONEX
SUC1W,PERLY CERTOUX
SUC1X,PLAN LES OUATES
SUC1Y,PREGNY CHAMBESY
SUC1Z,PRESINGE
SUC21,PUPLINGE
SUC22,RUSSIN
SUC23,SATIGNY
SUC24,SORAL
SUC25,THONEX
SUC26,TROINEX
SUC27,VANDOEUVRES
SUC28,VERNIER
SUC29,VERSOIX
SUC2A,VEYRIER
SUD11,ALLE
SUD12,ASUEL
SUD13,BASSECOURT
SUD14,BEURNEVESIN
SUD15,BOECOURT
SUD16,BONCOURT
SUD17,BONFOL
SUD18,BOURRIGNON
SUD19,BRESSAUCOURT
SUD1A,BUIX
SUD1B,BURE
SUD1C,CHARMOILLE
SUD1D,CHATILLON (JU)
SUD1E,CHEVENEZ
SUD1F,COEUVE
SUD1G,CORBAN
SUD1H,CORNOL
SUD1I,COURCHAPOIX
SUD1J,COURCHAVON
SUD1K,COURFAIVRE
SUD1L,COURGENAY
SUD1M,COURRENDLIN
SUD1N,COURROUX
SUD1O,COURTEDOUX
SUD1P,COURTEMAICHE
SUD1Q,COURTETELLE
SUD1R,DAMPHREUX
SUD1S,DAMVANT
SUD1T,DELEMONT
SUD1U,DEVELIER
SUD1V,EDERSWILER
SUD1W,EPAUVILLERS
SUD1X,EPIQUEREZ
SUD1Y,FAHY
SUD1Z,FONTENAIS
SUD21,FREGIECOURT
SUD22,GLOVELIER
SUD23,GOUMOIS
SUD24,GRANDFONTAINE
SUD25,LA CHAUX DES BREULEUX
SUD26,LAJOUX
SUD27,LE BEMONT
SUD28,LE NOIRMONT
SUD29,LE PEUCHAPATTE
SUD2A,LES BOIS
SUD2B,LES BREULEUX
SUD2C,LES ENFERS
SUD2D,LES GENEVEZ
SUD2E,LES POMMERATS
SUD2F,LUGNEZ
SUD2G,MERVELIER
SUD2H,METTEMBERT
SUD2I,MIECOURT
SUD2J,MONTENOL
SUD2K,MONTFAUCON
SUD2L,MONTFAVERGIER
SUD2M,MONTIGNEZ
SUD2N,MONTMELON
SUD2O,MONTSEVELIER
SUD2P,MOVELIER
SUD2Q,MURIAUX
SUD2R,OCOURT
SUD2S,PLEIGNE
SUD2T,PLEUJOUSE
SUD2U,PORRENTRUY
SUD2V,REBEUVELIER
SUD2W,RECLERE
SUD2X,ROCHE D OR
SUD2Y,ROCOURT
SUD2Z,ROSSEMAISON
SUD31,SAIGNELEGIER
SUD32,SAINT BRAIS
SUD33,SAINT URSANNE
SUD34,SAULCY
SUD35,SELEUTE
SUD36,SOUBEY
SUD37,SOULCE
SUD38,SOYHIERES
SUD39,UNDERVELIER
SUD3A,VELLERAT
SUD3B,VENDLINCOURT
SUD3C,VERMES
SUD3D,VICQUES
SUD41,BASSE ALLAINE
SUD43,HAUTE AJOIE
SUE11,APPENZELL
SUF1J,WALZENHAUSEN
SUH1J,CHUR
SUH28,KLOSTERS SERNEUS
SUH3K,ST. MORITZ
SUI19,STANS
SUJ16,SACHSELN
SUJ17,SARNEN
SUKIL,KILCHBERG
SUK27,OBERBUREN
SUK2K,SCHANIS
SUK2O,ST. GALLEN
SUK31,WATTWIL
SUL14,BUCH (SH)
SUL1E,NEUHAUSEN AM RHEINFALL
SUL1J,SCHAFFHAUSEN
SUL1M,STEIN AM RHEIN
SUM1T,WANGEN (SZ)
SUN1J,DOZWIL
SUN1R,FRAUENFELD
SUN27,KREUZLINGEN
SUN2W,TAGERWILEN
SUO2Z,LOCARNO
SUO33,LUGANO
SUOBE,OBERDORF
SUP16,ERSTFELD
SUQ11,BAAR
SUQ12,CHAM
SUQ13,HUNENBERG
SUQ17,RISCH
SUQ1B,ZUG
SUREI,REINACH
SURIC,RICKENBACH
ZZZZZ,Sans objet ou autre commune trangre
99999,Individu travaillant en France (variable DCFLT) ou inscrit dans un tablissement d'enseignement en France (variable DCETUE)
